cardiac endothelial cell (0)	PECAM1 (CD31)
blood vessel endothelial cell (1)	PECAM1 (CD31)
blood vessel endothelial cell (2)	PECAM1 (CD31)
blood vessel endothelial cell (3)	PECAM1 (CD31)
blood vessel endothelial cell (4)	PECAM1 (CD31)
cardiac endothelial cell (5)	PECAM1 (CD31)
blood vessel endothelial cell (6)	PECAM1 (CD31)
blood vessel endothelial cell (7)	PECAM1 (CD31)
blood vessel endothelial cell (8)	PECAM1 (CD31)
blood vessel endothelial cell (9)	PECAM1 (CD31)
blood vessel endothelial cell (10)	PECAM1 (CD31)
blood vessel endothelial cell (11)	PECAM1 (CD31)
blood vessel endothelial cell (12)	PECAM1 (CD31)
blood vessel endothelial cell (13)	PECAM1 (CD31)
blood vessel endothelial cell (14)	PECAM1 (CD31)
blood vessel endothelial cell (15)	PECAM1 (CD31)
blood vessel endothelial cell (16)	PECAM1 (CD31)
blood vessel endothelial cell (17)	PECAM1 (CD31)
blood vessel endothelial cell (18)	PECAM1 (CD31)
blood vessel endothelial cell (19)	PECAM1 (CD31)
blood vessel endothelial cell (20)	PECAM1 (CD31)
blood vessel endothelial cell (21)	PECAM1 (CD31)
blood vessel endothelial cell (22)	PECAM1 (CD31)
blood vessel endothelial cell (23)	PECAM1 (CD31)
blood vessel endothelial cell (24)	PECAM1 (CD31)
blood vessel endothelial cell (25)	PECAM1 (CD31)
blood vessel endothelial cell (26)	PECAM1 (CD31)
blood vessel endothelial cell (27)	PECAM1 (CD31)
blood vessel endothelial cell (28)	PECAM1 (CD31)
blood vessel endothelial cell (29)	PECAM1 (CD31)
blood vessel endothelial cell (30)	PECAM1 (CD31)
blood vessel endothelial cell (31)	PECAM1 (CD31)
blood vessel endothelial cell (32)	PECAM1 (CD31)
blood vessel endothelial cell (33)	PECAM1 (CD31)
blood vessel endothelial cell (34)	PECAM1 (CD31)
blood vessel endothelial cell (35)	PECAM1 (CD31)
blood vessel endothelial cell (36)	PECAM1 (CD31)
blood vessel endothelial cell (37)	PECAM1 (CD31)
blood vessel endothelial cell (38)	PECAM1 (CD31)
blood vessel endothelial cell (39)	PECAM1 (CD31)
blood vessel endothelial cell (40)	PECAM1 (CD31)
blood vessel endothelial cell (41)	PECAM1 (CD31)
blood vessel endothelial cell (42)	PECAM1 (CD31)
blood vessel endothelial cell (43)	PECAM1 (CD31)
blood vessel endothelial cell (44)	PECAM1 (CD31)
blood vessel endothelial cell (45)	PECAM1 (CD31)
blood vessel endothelial cell (46)	PECAM1 (CD31)
blood vessel endothelial cell (47)	PECAM1 (CD31)
blood vessel endothelial cell (48)	PECAM1 (CD31)
blood vessel endothelial cell (49)	PECAM1 (CD31)
blood vessel endothelial cell (50)	PECAM1 (CD31)
blood vessel endothelial cell (51)	PECAM1 (CD31)
blood vessel endothelial cell (52)	PECAM1 (CD31)
blood vessel endothelial cell (53)	PECAM1 (CD31)
blood vessel endothelial cell (54)	PECAM1 (CD31)
blood vessel endothelial cell (55)	PECAM1 (CD31)
blood vessel endothelial cell (56)	PECAM1 (CD31)
blood vessel endothelial cell (57)	PECAM1 (CD31)
blood vessel endothelial cell (58)	PECAM1 (CD31)
blood vessel endothelial cell (59)	PECAM1 (CD31)
blood vessel endothelial cell (60)	PECAM1 (CD31)
blood vessel endothelial cell (61)	PECAM1 (CD31)
blood vessel endothelial cell (62)	PECAM1 (CD31)
blood vessel endothelial cell (63)	PECAM1 (CD31)
blood vessel endothelial cell (64)	PECAM1 (CD31)
blood vessel endothelial cell (65)	PECAM1 (CD31)
blood vessel endothelial cell (66)	PECAM1 (CD31)
blood vessel endothelial cell (67)	PECAM1 (CD31)
blood vessel endothelial cell (68)	PECAM1 (CD31)
blood vessel endothelial cell (69)	PECAM1 (CD31)
blood vessel endothelial cell (70)	PECAM1 (CD31)
blood vessel endothelial cell (71)	PECAM1 (CD31)
blood vessel endothelial cell (72)	PECAM1 (CD31)
blood vessel endothelial cell (73)	PECAM1 (CD31)
blood vessel endothelial cell (74)	PECAM1 (CD31)
blood vessel endothelial cell (75)	PECAM1 (CD31)
blood vessel endothelial cell (76)	PECAM1 (CD31)
blood vessel endothelial cell (77)	PECAM1 (CD31)
blood vessel endothelial cell (78)	PECAM1 (CD31)
blood vessel endothelial cell (79)	PECAM1 (CD31)
blood vessel endothelial cell (80)	PECAM1 (CD31)
blood vessel endothelial cell (81)	PECAM1 (CD31)
blood vessel endothelial cell (82)	PECAM1 (CD31)
blood vessel endothelial cell (83)	PECAM1 (CD31)
blood vessel endothelial cell (84)	PECAM1 (CD31)
blood vessel endothelial cell (85)	PECAM1 (CD31)
blood vessel endothelial cell (86)	PECAM1 (CD31)
blood vessel endothelial cell (87)	PECAM1 (CD31)
blood vessel endothelial cell (88)	PECAM1 (CD31)
blood vessel endothelial cell (89)	PECAM1 (CD31)
blood vessel endothelial cell (90)	PECAM1 (CD31)
blood vessel endothelial cell (91)	PECAM1 (CD31)
blood vessel endothelial cell (92)	PECAM1 (CD31)
blood vessel endothelial cell (93)	PECAM1 (CD31)
blood vessel endothelial cell (94)	PECAM1 (CD31)
blood vessel endothelial cell (95)	PECAM1 (CD31)
blood vessel endothelial cell (96)	PECAM1 (CD31)
blood vessel endothelial cell (97)	PECAM1 (CD31)
blood vessel endothelial cell (98)	PECAM1 (CD31)
blood vessel endothelial cell (99)	PECAM1 (CD31)
blood vessel endothelial cell (100)	PECAM1 (CD31)
blood vessel endothelial cell (101)	PECAM1 (CD31)
blood vessel endothelial cell (102)	PECAM1 (CD31)
blood vessel endothelial cell (103)	PECAM1 (CD31)
blood vessel endothelial cell (104)	PECAM1 (CD31)
blood vessel endothelial cell (105)	PECAM1 (CD31)
blood vessel endothelial cell (106)	PECAM1 (CD31)
blood vessel endothelial cell (107)	PECAM1 (CD31)
blood vessel endothelial cell (108)	PECAM1 (CD31)
blood vessel endothelial cell (109)	PECAM1 (CD31)
blood vessel endothelial cell (110)	PECAM1 (CD31)
blood vessel endothelial cell (111)	PECAM1 (CD31)
blood vessel endothelial cell (112)	PECAM1 (CD31)
blood vessel endothelial cell (113)	PECAM1 (CD31)
blood vessel endothelial cell (114)	PECAM1 (CD31)
blood vessel endothelial cell (115)	PECAM1 (CD31)
blood vessel endothelial cell (116)	PECAM1 (CD31)
blood vessel endothelial cell (117)	PECAM1 (CD31)
blood vessel endothelial cell (118)	PECAM1 (CD31)
blood vessel endothelial cell (119)	PECAM1 (CD31)
blood vessel endothelial cell (120)	PECAM1 (CD31)
blood vessel endothelial cell (121)	PECAM1 (CD31)
blood vessel endothelial cell (122)	PECAM1 (CD31)
blood vessel endothelial cell (123)	PECAM1 (CD31)
blood vessel endothelial cell (124)	PECAM1 (CD31)
blood vessel endothelial cell (125)	PECAM1 (CD31)
blood vessel endothelial cell (126)	PECAM1 (CD31)
blood vessel endothelial cell (127)	PECAM1 (CD31)
blood vessel endothelial cell (128)	PECAM1 (CD31)
blood vessel endothelial cell (129)	PECAM1 (CD31)
blood vessel endothelial cell (130)	PECAM1 (CD31)
blood vessel endothelial cell (131)	PECAM1 (CD31)
blood vessel endothelial cell (132)	PECAM1 (CD31)
blood vessel endothelial cell (133)	PECAM1 (CD31)
blood vessel endothelial cell (134)	PECAM1 (CD31)
blood vessel endothelial cell (135)	PECAM1 (CD31)
blood vessel endothelial cell (136)	PECAM1 (CD31)
blood vessel endothelial cell (137)	PECAM1 (CD31)
blood vessel endothelial cell (138)	PECAM1 (CD31)
blood vessel endothelial cell (139)	PECAM1 (CD31)
blood vessel endothelial cell (140)	PECAM1 (CD31)
blood vessel endothelial cell (141)	PECAM1 (CD31)
blood vessel endothelial cell (142)	PECAM1 (CD31)
blood vessel endothelial cell (143)	PECAM1 (CD31)
blood vessel endothelial cell (144)	PECAM1 (CD31)
blood vessel endothelial cell (145)	PECAM1 (CD31)
blood vessel endothelial cell (146)	PECAM1 (CD31)
blood vessel endothelial cell (147)	PECAM1 (CD31)
blood vessel endothelial cell (148)	PECAM1 (CD31)
blood vessel endothelial cell (149)	PECAM1 (CD31)
blood vessel endothelial cell (150)	PECAM1 (CD31)
blood vessel endothelial cell (151)	PECAM1 (CD31)
blood vessel endothelial cell (152)	PECAM1 (CD31)
blood vessel endothelial cell (153)	PECAM1 (CD31)
blood vessel endothelial cell (154)	PECAM1 (CD31)
blood vessel endothelial cell (155)	PECAM1 (CD31)
blood vessel endothelial cell (156)	PECAM1 (CD31)
blood vessel endothelial cell (157)	PECAM1 (CD31)
blood vessel endothelial cell (158)	PECAM1 (CD31)
blood vessel endothelial cell (159)	PECAM1 (CD31)
blood vessel endothelial cell (160)	PECAM1 (CD31)
blood vessel endothelial cell (161)	PECAM1 (CD31)
blood vessel endothelial cell (162)	PECAM1 (CD31)
blood vessel endothelial cell (163)	PECAM1 (CD31)
blood vessel endothelial cell (164)	PECAM1 (CD31)
blood vessel endothelial cell (165)	PECAM1 (CD31)
blood vessel endothelial cell (166)	PECAM1 (CD31)
blood vessel endothelial cell (167)	PECAM1 (CD31)
blood vessel endothelial cell (168)	PECAM1 (CD31)
blood vessel endothelial cell (169)	PECAM1 (CD31)
blood vessel endothelial cell (170)	PECAM1 (CD31)
blood vessel endothelial cell (171)	PECAM1 (CD31)
blood vessel endothelial cell (172)	PECAM1 (CD31)
blood vessel endothelial cell (173)	PECAM1 (CD31)
blood vessel endothelial cell (174)	PECAM1 (CD31)
blood vessel endothelial cell (175)	PECAM1 (CD31)
blood vessel endothelial cell (176)	PECAM1 (CD31)
blood vessel endothelial cell (177)	PECAM1 (CD31)
blood vessel endothelial cell (178)	PECAM1 (CD31)
blood vessel endothelial cell (179)	PECAM1 (CD31)
blood vessel endothelial cell (180)	PECAM1 (CD31)
blood vessel endothelial cell (181)	PECAM1 (CD31)
blood vessel endothelial cell (182)	PECAM1 (CD31)
blood vessel endothelial cell (183)	PECAM1 (CD31)
blood vessel endothelial cell (184)	PECAM1 (CD31)
blood vessel endothelial cell (185)	PECAM1 (CD31)
blood vessel endothelial cell (186)	PECAM1 (CD31)
blood vessel endothelial cell (187)	PECAM1 (CD31)
blood vessel endothelial cell (188)	PECAM1 (CD31)
blood vessel endothelial cell (189)	PECAM1 (CD31)
blood vessel endothelial cell (190)	PECAM1 (CD31)
blood vessel endothelial cell (191)	PECAM1 (CD31)
blood vessel endothelial cell (192)	PECAM1 (CD31)
blood vessel endothelial cell (193)	PECAM1 (CD31)
blood vessel endothelial cell (194)	PECAM1 (CD31)
blood vessel endothelial cell (195)	PECAM1 (CD31)
blood vessel endothelial cell (196)	PECAM1 (CD31)
blood vessel endothelial cell (197)	PECAM1 (CD31)
blood vessel endothelial cell (198)	PECAM1 (CD31)
blood vessel endothelial cell (199)	PECAM1 (CD31)
blood vessel endothelial cell (200)	PECAM1 (CD31)
blood vessel endothelial cell (201)	PECAM1 (CD31)
blood vessel endothelial cell (202)	PECAM1 (CD31)
blood vessel endothelial cell (203)	PECAM1 (CD31)
blood vessel endothelial cell (204)	PECAM1 (CD31)
blood vessel endothelial cell (205)	PECAM1 (CD31)
blood vessel endothelial cell (206)	PECAM1 (CD31)
blood vessel endothelial cell (207)	PECAM1 (CD31)
blood vessel endothelial cell (208)	PECAM1 (CD31)
blood vessel endothelial cell (209)	PECAM1 (CD31)
blood vessel endothelial cell (210)	PECAM1 (CD31)
blood vessel endothelial cell (211)	PECAM1 (CD31)
blood vessel endothelial cell (212)	PECAM1 (CD31)
blood vessel endothelial cell (213)	PECAM1 (CD31)
blood vessel endothelial cell (214)	PECAM1 (CD31)
blood vessel endothelial cell (215)	PECAM1 (CD31)
blood vessel endothelial cell (216)	PECAM1 (CD31)
blood vessel endothelial cell (217)	PECAM1 (CD31)
blood vessel endothelial cell (218)	PECAM1 (CD31)
blood vessel endothelial cell (219)	PECAM1 (CD31)
blood vessel endothelial cell (220)	PECAM1 (CD31)
blood vessel endothelial cell (221)	PECAM1 (CD31)
blood vessel endothelial cell (222)	PECAM1 (CD31)
blood vessel endothelial cell (223)	PECAM1 (CD31)
blood vessel endothelial cell (224)	PECAM1 (CD31)
blood vessel endothelial cell (225)	PECAM1 (CD31)
blood vessel endothelial cell (226)	PECAM1 (CD31)
blood vessel endothelial cell (227)	PECAM1 (CD31)
blood vessel endothelial cell (228)	PECAM1 (CD31)
blood vessel endothelial cell (229)	PECAM1 (CD31)
blood vessel endothelial cell (230)	PECAM1 (CD31)
blood vessel endothelial cell (231)	PECAM1 (CD31)
blood vessel endothelial cell (232)	PECAM1 (CD31)
blood vessel endothelial cell (233)	PECAM1 (CD31)
blood vessel endothelial cell (234)	PECAM1 (CD31)
blood vessel endothelial cell (235)	PECAM1 (CD31)
blood vessel endothelial cell (236)	PECAM1 (CD31)
blood vessel endothelial cell (237)	PECAM1 (CD31)
blood vessel endothelial cell (238)	PECAM1 (CD31)
blood vessel endothelial cell (239)	PECAM1 (CD31)
blood vessel endothelial cell (240)	PECAM1 (CD31)
blood vessel endothelial cell (241)	PECAM1 (CD31)
blood vessel endothelial cell (242)	PECAM1 (CD31)
blood vessel endothelial cell (243)	PECAM1 (CD31)
blood vessel endothelial cell (244)	PECAM1 (CD31)
blood vessel endothelial cell (245)	PECAM1 (CD31)
blood vessel endothelial cell (246)	PECAM1 (CD31)
blood vessel endothelial cell (247)	PECAM1 (CD31)
blood vessel endothelial cell (248)	PECAM1 (CD31)
blood vessel endothelial cell (249)	PECAM1 (CD31)
blood vessel endothelial cell (250)	PECAM1 (CD31)
blood vessel endothelial cell (251)	PECAM1 (CD31)
blood vessel endothelial cell (252)	PECAM1 (CD31)
blood vessel endothelial cell (253)	PECAM1 (CD31)
blood vessel endothelial cell (254)	PECAM1 (CD31)
blood vessel endothelial cell (255)	PECAM1 (CD31)
blood vessel endothelial cell (256)	PECAM1 (CD31)
blood vessel endothelial cell (257)	PECAM1 (CD31)
blood vessel endothelial cell (258)	PECAM1 (CD31)
blood vessel endothelial cell (259)	PECAM1 (CD31)
blood vessel endothelial cell (260)	PECAM1 (CD31)
blood vessel endothelial cell (261)	PECAM1 (CD31)
blood vessel endothelial cell (262)	PECAM1 (CD31)
blood vessel endothelial cell (263)	PECAM1 (CD31)
blood vessel endothelial cell (264)	PECAM1 (CD31)
blood vessel endothelial cell (265)	PECAM1 (CD31)
blood vessel endothelial cell (266)	PECAM1 (CD31)
blood vessel endothelial cell (267)	PECAM1 (CD31)
blood vessel endothelial cell (268)	PECAM1 (CD31)
blood vessel endothelial cell (269)	PECAM1 (CD31)
blood vessel endothelial cell (270)	PECAM1 (CD31)
blood vessel endothelial cell (271)	PECAM1 (CD31)
blood vessel endothelial cell (272)	PECAM1 (CD31)
blood vessel endothelial cell (273)	PECAM1 (CD31)
blood vessel endothelial cell (274)	PECAM1 (CD31)
blood vessel endothelial cell (275)	PECAM1 (CD31)
blood vessel endothelial cell (276)	PECAM1 (CD31)
blood vessel endothelial cell (277)	PECAM1 (CD31)
blood vessel endothelial cell (278)	PECAM1 (CD31)
blood vessel endothelial cell (279)	PECAM1 (CD31)
blood vessel endothelial cell (280)	PECAM1 (CD31)
blood vessel endothelial cell (281)	PECAM1 (CD31)
blood vessel endothelial cell (282)	PECAM1 (CD31)
blood vessel endothelial cell (283)	PECAM1 (CD31)
blood vessel endothelial cell (284)	PECAM1 (CD31)
blood vessel endothelial cell (285)	PECAM1 (CD31)
blood vessel endothelial cell (286)	PECAM1 (CD31)
blood vessel endothelial cell (287)	PECAM1 (CD31)
blood vessel endothelial cell (288)	PECAM1 (CD31)
blood vessel endothelial cell (289)	PECAM1 (CD31)
blood vessel endothelial cell (290)	PECAM1 (CD31)
blood vessel endothelial cell (291)	PECAM1 (CD31)
blood vessel endothelial cell (292)	PECAM1 (CD31)
blood vessel endothelial cell (293)	PECAM1 (CD31)
blood vessel endothelial cell (294)	PECAM1 (CD31)
blood vessel endothelial cell (295)	PECAM1 (CD31)
blood vessel endothelial cell (296)	PECAM1 (CD31)
blood vessel endothelial cell (297)	PECAM1 (CD31)
blood vessel endothelial cell (298)	PECAM1 (CD31)
blood vessel endothelial cell (299)	PECAM1 (CD31)
blood vessel endothelial cell (300)	PECAM1 (CD31)
blood vessel endothelial cell (301)	PECAM1 (CD31)
blood vessel endothelial cell (302)	PECAM1 (CD31)
blood vessel endothelial cell (303)	PECAM1 (CD31)
blood vessel endothelial cell (304)	PECAM1 (CD31)
blood vessel endothelial cell (305)	PECAM1 (CD31)
blood vessel endothelial cell (306)	PECAM1 (CD31)
blood vessel endothelial cell (307)	PECAM1 (CD31)
blood vessel endothelial cell (308)	PECAM1 (CD31)
blood vessel endothelial cell (309)	PECAM1 (CD31)
blood vessel endothelial cell (310)	PECAM1 (CD31)
blood vessel endothelial cell (311)	PECAM1 (CD31)
blood vessel endothelial cell (312)	PECAM1 (CD31)
blood vessel endothelial cell (313)	PECAM1 (CD31)
blood vessel endothelial cell (314)	PECAM1 (CD31)
blood vessel endothelial cell (315)	PECAM1 (CD31)
blood vessel endothelial cell (316)	PECAM1 (CD31)
blood vessel endothelial cell (317)	PECAM1 (CD31)
blood vessel endothelial cell (318)	PECAM1 (CD31)
blood vessel endothelial cell (319)	PECAM1 (CD31)
blood vessel endothelial cell (320)	PECAM1 (CD31)
blood vessel endothelial cell (321)	PECAM1 (CD31)
blood vessel endothelial cell (322)	PECAM1 (CD31)
blood vessel endothelial cell (323)	PECAM1 (CD31)
blood vessel endothelial cell (324)	PECAM1 (CD31)
blood vessel endothelial cell (325)	PECAM1 (CD31)
blood vessel endothelial cell (326)	PECAM1 (CD31)
blood vessel endothelial cell (327)	PECAM1 (CD31)
blood vessel endothelial cell (328)	PECAM1 (CD31)
blood vessel endothelial cell (329)	PECAM1 (CD31)
blood vessel endothelial cell (330)	PECAM1 (CD31)
blood vessel endothelial cell (331)	PECAM1 (CD31)
blood vessel endothelial cell (332)	PECAM1 (CD31)
blood vessel endothelial cell (333)	PECAM1 (CD31)
blood vessel endothelial cell (334)	PECAM1 (CD31)
blood vessel endothelial cell (335)	PECAM1 (CD31)
blood vessel endothelial cell (336)	PECAM1 (CD31)
blood vessel endothelial cell (337)	PECAM1 (CD31)
blood vessel endothelial cell (338)	PECAM1 (CD31)
blood vessel endothelial cell (339)	PECAM1 (CD31)
blood vessel endothelial cell (340)	PECAM1 (CD31)
blood vessel endothelial cell (341)	PECAM1 (CD31)
blood vessel endothelial cell (342)	PECAM1 (CD31)
blood vessel endothelial cell (343)	PECAM1 (CD31)
blood vessel endothelial cell (344)	PECAM1 (CD31)
blood vessel endothelial cell (345)	PECAM1 (CD31)
blood vessel endothelial cell (346)	PECAM1 (CD31)
blood vessel endothelial cell (347)	PECAM1 (CD31)
blood vessel endothelial cell (348)	PECAM1 (CD31)
blood vessel endothelial cell (349)	PECAM1 (CD31)
blood vessel endothelial cell (350)	PECAM1 (CD31)
blood vessel endothelial cell (351)	PECAM1 (CD31)
blood vessel endothelial cell (352)	PECAM1 (CD31)
blood vessel endothelial cell (353)	PECAM1 (CD31)
blood vessel endothelial cell (354)	PECAM1 (CD31)
blood vessel endothelial cell (355)	PECAM1 (CD31)
blood vessel endothelial cell (356)	PECAM1 (CD31)
blood vessel endothelial cell (357)	PECAM1 (CD31)
blood vessel endothelial cell (358)	PECAM1 (CD31)
blood vessel endothelial cell (359)	PECAM1 (CD31)
blood vessel endothelial cell (360)	PECAM1 (CD31)
blood vessel endothelial cell (361)	PECAM1 (CD31)
blood vessel endothelial cell (362)	PECAM1 (CD31)
blood vessel endothelial cell (363)	PECAM1 (CD31)
blood vessel endothelial cell (364)	PECAM1 (CD31)
blood vessel endothelial cell (365)	PECAM1 (CD31)
blood vessel endothelial cell (366)	PECAM1 (CD31)
blood vessel endothelial cell (367)	PECAM1 (CD31)
blood vessel endothelial cell (368)	PECAM1 (CD31)
blood vessel endothelial cell (369)	PECAM1 (CD31)
blood vessel endothelial cell (370)	PECAM1 (CD31)
blood vessel endothelial cell (371)	PECAM1 (CD31)
blood vessel endothelial cell (372)	PECAM1 (CD31)
blood vessel endothelial cell (373)	PECAM1 (CD31)
blood vessel endothelial cell (374)	PECAM1 (CD31)
blood vessel endothelial cell (375)	PECAM1 (CD31)
blood vessel endothelial cell (376)	PECAM1 (CD31)
blood vessel endothelial cell (377)	PECAM1 (CD31)
blood vessel endothelial cell (378)	PECAM1 (CD31)
blood vessel endothelial cell (379)	PECAM1 (CD31)
blood vessel endothelial cell (380)	PECAM1 (CD31)
blood vessel endothelial cell (381)	PECAM1 (CD31)
blood vessel endothelial cell (382)	PECAM1 (CD31)
blood vessel endothelial cell (383)	PECAM1 (CD31)
blood vessel endothelial cell (384)	PECAM1 (CD31)
blood vessel endothelial cell (385)	PECAM1 (CD31)
blood vessel endothelial cell (386)	PECAM1 (CD31)
blood vessel endothelial cell (387)	PECAM1 (CD31)
blood vessel endothelial cell (388)	PECAM1 (CD31)
blood vessel endothelial cell (389)	PECAM1 (CD31)
blood vessel endothelial cell (390)	PECAM1 (CD31)
blood vessel endothelial cell (391)	PECAM1 (CD31)
blood vessel endothelial cell (392)	PECAM1 (CD31)
blood vessel endothelial cell (393)	PECAM1 (CD31)
blood vessel endothelial cell (394)	PECAM1 (CD31)
blood vessel endothelial cell (395)	PECAM1 (CD31)
blood vessel endothelial cell (396)	PECAM1 (CD31)
blood vessel endothelial cell (397)	PECAM1 (CD31)
blood vessel endothelial cell (398)	PECAM1 (CD31)
blood vessel endothelial cell (399)	PECAM1 (CD31)
blood vessel endothelial cell (400)	PECAM1 (CD31)
blood vessel endothelial cell (401)	PECAM1 (CD31)
blood vessel endothelial cell (402)	PECAM1 (CD31)
blood vessel endothelial cell (403)	PECAM1 (CD31)
blood vessel endothelial cell (404)	PECAM1 (CD31)
blood vessel endothelial cell (405)	PECAM1 (CD31)
blood vessel endothelial cell (406)	PECAM1 (CD31)
blood vessel endothelial cell (407)	PECAM1 (CD31)
blood vessel endothelial cell (408)	PECAM1 (CD31)
blood vessel endothelial cell (409)	PECAM1 (CD31)
blood vessel endothelial cell (410)	PECAM1 (CD31)
blood vessel endothelial cell (411)	PECAM1 (CD31)
blood vessel endothelial cell (412)	PECAM1 (CD31)
blood vessel endothelial cell (413)	PECAM1 (CD31)
blood vessel endothelial cell (414)	PECAM1 (CD31)
blood vessel endothelial cell (415)	PECAM1 (CD31)
blood vessel endothelial cell (416)	PECAM1 (CD31)
blood vessel endothelial cell (417)	PECAM1 (CD31)
blood vessel endothelial cell (418)	PECAM1 (CD31)
blood vessel endothelial cell (419)	PECAM1 (CD31)
blood vessel endothelial cell (420)	PECAM1 (CD31)
blood vessel endothelial cell (421)	PECAM1 (CD31)
blood vessel endothelial cell (422)	PECAM1 (CD31)
blood vessel endothelial cell (423)	PECAM1 (CD31)
blood vessel endothelial cell (424)	PECAM1 (CD31)
blood vessel endothelial cell (425)	PECAM1 (CD31)
blood vessel endothelial cell (426)	PECAM1 (CD31)
blood vessel endothelial cell (427)	PECAM1 (CD31)
blood vessel endothelial cell (428)	PECAM1 (CD31)
blood vessel endothelial cell (429)	PECAM1 (CD31)
blood vessel endothelial cell (430)	PECAM1 (CD31)
blood vessel endothelial cell (431)	PECAM1 (CD31)
blood vessel endothelial cell (432)	PECAM1 (CD31)
blood vessel endothelial cell (433)	PECAM1 (CD31)
blood vessel endothelial cell (434)	PECAM1 (CD31)
blood vessel endothelial cell (435)	PECAM1 (CD31)
blood vessel endothelial cell (436)	PECAM1 (CD31)
blood vessel endothelial cell (437)	PECAM1 (CD31)
blood vessel endothelial cell (438)	PECAM1 (CD31)
blood vessel endothelial cell (439)	PECAM1 (CD31)
blood vessel endothelial cell (440)	PECAM1 (CD31)
blood vessel endothelial cell (441)	PECAM1 (CD31)
blood vessel endothelial cell (442)	PECAM1 (CD31)
blood vessel endothelial cell (443)	PECAM1 (CD31)
blood vessel endothelial cell (444)	PECAM1 (CD31)
blood vessel endothelial cell (445)	PECAM1 (CD31)
blood vessel endothelial cell (446)	PECAM1 (CD31)
blood vessel endothelial cell (447)	PECAM1 (CD31)
blood vessel endothelial cell (448)	PECAM1 (CD31)
blood vessel endothelial cell (449)	PECAM1 (CD31)
blood vessel endothelial cell (450)	PECAM1 (CD31)
blood vessel endothelial cell (451)	PECAM1 (CD31)
blood vessel endothelial cell (452)	PECAM1 (CD31)
blood vessel endothelial cell (453)	PECAM1 (CD31)
blood vessel endothelial cell (454)	PECAM1 (CD31)
blood vessel endothelial cell (455)	PECAM1 (CD31)
blood vessel endothelial cell (456)	PECAM1 (CD31)
blood vessel endothelial cell (457)	PECAM1 (CD31)
blood vessel endothelial cell (458)	PECAM1 (CD31)
blood vessel endothelial cell (459)	PECAM1 (CD31)
blood vessel endothelial cell (460)	PECAM1 (CD31)
blood vessel endothelial cell (461)	PECAM1 (CD31)
blood vessel endothelial cell (462)	PECAM1 (CD31)
blood vessel endothelial cell (463)	PECAM1 (CD31)
blood vessel endothelial cell (464)	PECAM1 (CD31)
blood vessel endothelial cell (465)	PECAM1 (CD31)
blood vessel endothelial cell (466)	PECAM1 (CD31)
blood vessel endothelial cell (467)	PECAM1 (CD31)
blood vessel endothelial cell (468)	PECAM1 (CD31)
blood vessel endothelial cell (469)	PECAM1 (CD31)
blood vessel endothelial cell (470)	PECAM1 (CD31)
blood vessel endothelial cell (471)	PECAM1 (CD31)
blood vessel endothelial cell (472)	PECAM1 (CD31)
blood vessel endothelial cell (473)	PECAM1 (CD31)
blood vessel endothelial cell (474)	PECAM1 (CD31)
blood vessel endothelial cell (475)	PECAM1 (CD31)
blood vessel endothelial cell (476)	PECAM1 (CD31)
blood vessel endothelial cell (477)	PECAM1 (CD31)
blood vessel endothelial cell (478)	PECAM1 (CD31)
blood vessel endothelial cell (479)	PECAM1 (CD31)
blood vessel endothelial cell (480)	PECAM1 (CD31)
blood vessel endothelial cell (481)	PECAM1 (CD31)
blood vessel endothelial cell (482)	PECAM1 (CD31)
blood vessel endothelial cell (483)	PECAM1 (CD31)
blood vessel endothelial cell (484)	PECAM1 (CD31)
blood vessel endothelial cell (485)	PECAM1 (CD31)
blood vessel endothelial cell (486)	PECAM1 (CD31)
blood vessel endothelial cell (487)	PECAM1 (CD31)
blood vessel endothelial cell (488)	PECAM1 (CD31)
blood vessel endothelial cell (489)	PECAM1 (CD31)
blood vessel endothelial cell (490)	PECAM1 (CD31)
blood vessel endothelial cell (491)	PECAM1 (CD31)
blood vessel endothelial cell (492)	PECAM1 (CD31)
blood vessel endothelial cell (493)	PECAM1 (CD31)
blood vessel endothelial cell (494)	PECAM1 (CD31)
blood vessel endothelial cell (495)	PECAM1 (CD31)
blood vessel endothelial cell (496)	PECAM1 (CD31)
blood vessel endothelial cell (497)	PECAM1 (CD31)
blood vessel endothelial cell (498)	PECAM1 (CD31)
blood vessel endothelial cell (499)	PECAM1 (CD31)
blood vessel endothelial cell (500)	PECAM1 (CD31)
blood vessel endothelial cell (501)	PECAM1 (CD31)
blood vessel endothelial cell (502)	PECAM1 (CD31)
blood vessel endothelial cell (503)	PECAM1 (CD31)
blood vessel endothelial cell (504)	PECAM1 (CD31)
blood vessel endothelial cell (505)	PECAM1 (CD31)
blood vessel endothelial cell (506)	PECAM1 (CD31)
blood vessel endothelial cell (507)	PECAM1 (CD31)
blood vessel endothelial cell (508)	PECAM1 (CD31)
blood vessel endothelial cell (509)	PECAM1 (CD31)
blood vessel endothelial cell (510)	PECAM1 (CD31)
blood vessel endothelial cell (511)	PECAM1 (CD31)
blood vessel endothelial cell (512)	PECAM1 (CD31)
blood vessel endothelial cell (513)	PECAM1 (CD31)
blood vessel endothelial cell (514)	PECAM1 (CD31)
blood vessel endothelial cell (515)	PECAM1 (CD31)
blood vessel endothelial cell (516)	PECAM1 (CD31)
blood vessel endothelial cell (517)	PECAM1 (CD31)
blood vessel endothelial cell (518)	PECAM1 (CD31)
blood vessel endothelial cell (519)	PECAM1 (CD31)
blood vessel endothelial cell (520)	PECAM1 (CD31)
blood vessel endothelial cell (521)	PECAM1 (CD31)
cardiac endothelial cell (522)	PECAM1 (CD31)
blood vessel endothelial cell (523)	PECAM1 (CD31)
blood vessel endothelial cell (524)	PECAM1 (CD31)
blood vessel endothelial cell (525)	PECAM1 (CD31)
blood vessel endothelial cell (526)	PECAM1 (CD31)
blood vessel endothelial cell (527)	PECAM1 (CD31)
blood vessel endothelial cell (528)	PECAM1 (CD31)
blood vessel endothelial cell (529)	PECAM1 (CD31)
blood vessel endothelial cell (530)	PECAM1 (CD31)
blood vessel endothelial cell (531)	PECAM1 (CD31)
blood vessel endothelial cell (532)	PECAM1 (CD31)
blood vessel endothelial cell (533)	PECAM1 (CD31)
blood vessel endothelial cell (534)	PECAM1 (CD31)
blood vessel endothelial cell (535)	PECAM1 (CD31)
blood vessel endothelial cell (536)	PECAM1 (CD31)
blood vessel endothelial cell (537)	PECAM1 (CD31)
blood vessel endothelial cell (538)	PECAM1 (CD31)
blood vessel endothelial cell (539)	PECAM1 (CD31)
blood vessel endothelial cell (540)	PECAM1 (CD31)
blood vessel endothelial cell (541)	PECAM1 (CD31)
blood vessel endothelial cell (542)	PECAM1 (CD31)
blood vessel endothelial cell (543)	PECAM1 (CD31)
blood vessel endothelial cell (544)	PECAM1 (CD31)
blood vessel endothelial cell (545)	PECAM1 (CD31)
blood vessel endothelial cell (546)	PECAM1 (CD31)
blood vessel endothelial cell (547)	PECAM1 (CD31)
blood vessel endothelial cell (548)	PECAM1 (CD31)
blood vessel endothelial cell (549)	PECAM1 (CD31)
blood vessel endothelial cell (550)	PECAM1 (CD31)
blood vessel endothelial cell (551)	PECAM1 (CD31)
blood vessel endothelial cell (552)	PECAM1 (CD31)
blood vessel endothelial cell (553)	PECAM1 (CD31)
blood vessel endothelial cell (554)	PECAM1 (CD31)
blood vessel endothelial cell (555)	PECAM1 (CD31)
blood vessel endothelial cell (556)	PECAM1 (CD31)
blood vessel endothelial cell (557)	PECAM1 (CD31)
blood vessel endothelial cell (558)	PECAM1 (CD31)
blood vessel endothelial cell (559)	PECAM1 (CD31)
blood vessel endothelial cell (560)	PECAM1 (CD31)
blood vessel endothelial cell (561)	PECAM1 (CD31)
blood vessel endothelial cell (562)	PECAM1 (CD31)
blood vessel endothelial cell (563)	PECAM1 (CD31)
blood vessel endothelial cell (564)	PECAM1 (CD31)
blood vessel endothelial cell (565)	PECAM1 (CD31)
blood vessel endothelial cell (566)	PECAM1 (CD31)
blood vessel endothelial cell (567)	PECAM1 (CD31)
blood vessel endothelial cell (568)	PECAM1 (CD31)
blood vessel endothelial cell (569)	PECAM1 (CD31)
blood vessel endothelial cell (570)	PECAM1 (CD31)
blood vessel endothelial cell (571)	PECAM1 (CD31)
blood vessel endothelial cell (572)	PECAM1 (CD31)
blood vessel endothelial cell (573)	PECAM1 (CD31)
blood vessel endothelial cell (574)	PECAM1 (CD31)
blood vessel endothelial cell (575)	PECAM1 (CD31)
blood vessel endothelial cell (576)	PECAM1 (CD31)
blood vessel endothelial cell (577)	PECAM1 (CD31)
blood vessel endothelial cell (578)	PECAM1 (CD31)
blood vessel endothelial cell (579)	PECAM1 (CD31)
blood vessel endothelial cell (580)	PECAM1 (CD31)
blood vessel endothelial cell (581)	PECAM1 (CD31)
blood vessel endothelial cell (582)	PECAM1 (CD31)
blood vessel endothelial cell (583)	PECAM1 (CD31)
blood vessel endothelial cell (584)	PECAM1 (CD31)
blood vessel endothelial cell (585)	PECAM1 (CD31)
blood vessel endothelial cell (586)	PECAM1 (CD31)
blood vessel endothelial cell (587)	PECAM1 (CD31)
blood vessel endothelial cell (588)	PECAM1 (CD31)
blood vessel endothelial cell (589)	PECAM1 (CD31)
blood vessel endothelial cell (590)	PECAM1 (CD31)
blood vessel endothelial cell (591)	PECAM1 (CD31)
blood vessel endothelial cell (592)	PECAM1 (CD31)
blood vessel endothelial cell (593)	PECAM1 (CD31)
blood vessel endothelial cell (594)	PECAM1 (CD31)
blood vessel endothelial cell (595)	PECAM1 (CD31)
blood vessel endothelial cell (596)	PECAM1 (CD31)
blood vessel endothelial cell (597)	PECAM1 (CD31)
blood vessel endothelial cell (598)	PECAM1 (CD31)
blood vessel endothelial cell (599)	PECAM1 (CD31)
blood vessel endothelial cell (600)	PECAM1 (CD31)
blood vessel endothelial cell (601)	PECAM1 (CD31)
blood vessel endothelial cell (602)	PECAM1 (CD31)
blood vessel endothelial cell (603)	PECAM1 (CD31)
blood vessel endothelial cell (604)	PECAM1 (CD31)
blood vessel endothelial cell (605)	PECAM1 (CD31)
blood vessel endothelial cell (606)	PECAM1 (CD31)
blood vessel endothelial cell (607)	PECAM1 (CD31)
blood vessel endothelial cell (608)	PECAM1 (CD31)
blood vessel endothelial cell (609)	PECAM1 (CD31)
blood vessel endothelial cell (610)	PECAM1 (CD31)
blood vessel endothelial cell (611)	PECAM1 (CD31)
blood vessel endothelial cell (612)	PECAM1 (CD31)
blood vessel endothelial cell (613)	PECAM1 (CD31)
blood vessel endothelial cell (614)	PECAM1 (CD31)
blood vessel endothelial cell (615)	PECAM1 (CD31)
blood vessel endothelial cell (616)	PECAM1 (CD31)
blood vessel endothelial cell (617)	PECAM1 (CD31)
blood vessel endothelial cell (618)	PECAM1 (CD31)
blood vessel endothelial cell (619)	PECAM1 (CD31)
blood vessel endothelial cell (620)	PECAM1 (CD31)
blood vessel endothelial cell (621)	PECAM1 (CD31)
blood vessel endothelial cell (622)	PECAM1 (CD31)
blood vessel endothelial cell (623)	PECAM1 (CD31)
blood vessel endothelial cell (624)	PECAM1 (CD31)
blood vessel endothelial cell (625)	PECAM1 (CD31)
blood vessel endothelial cell (626)	PECAM1 (CD31)
blood vessel endothelial cell (627)	PECAM1 (CD31)
blood vessel endothelial cell (628)	PECAM1 (CD31)
blood vessel endothelial cell (629)	PECAM1 (CD31)
blood vessel endothelial cell (630)	PECAM1 (CD31)
blood vessel endothelial cell (631)	PECAM1 (CD31)
blood vessel endothelial cell (632)	PECAM1 (CD31)
blood vessel endothelial cell (633)	PECAM1 (CD31)
blood vessel endothelial cell (634)	PECAM1 (CD31)
blood vessel endothelial cell (635)	PECAM1 (CD31)
blood vessel endothelial cell (636)	PECAM1 (CD31)
blood vessel endothelial cell (637)	PECAM1 (CD31)
blood vessel endothelial cell (638)	PECAM1 (CD31)
blood vessel endothelial cell (639)	PECAM1 (CD31)
blood vessel endothelial cell (640)	PECAM1 (CD31)
blood vessel endothelial cell (641)	PECAM1 (CD31)
blood vessel endothelial cell (642)	PECAM1 (CD31)
blood vessel endothelial cell (643)	PECAM1 (CD31)
blood vessel endothelial cell (644)	PECAM1 (CD31)
blood vessel endothelial cell (645)	PECAM1 (CD31)
blood vessel endothelial cell (646)	PECAM1 (CD31)
blood vessel endothelial cell (647)	PECAM1 (CD31)
blood vessel endothelial cell (648)	PECAM1 (CD31)
blood vessel endothelial cell (649)	PECAM1 (CD31)
blood vessel endothelial cell (650)	PECAM1 (CD31)
blood vessel endothelial cell (651)	PECAM1 (CD31)
blood vessel endothelial cell (652)	PECAM1 (CD31)
blood vessel endothelial cell (653)	PECAM1 (CD31)
blood vessel endothelial cell (654)	PECAM1 (CD31)
blood vessel endothelial cell (655)	PECAM1 (CD31)
blood vessel endothelial cell (656)	PECAM1 (CD31)
blood vessel endothelial cell (657)	PECAM1 (CD31)
blood vessel endothelial cell (658)	PECAM1 (CD31)
blood vessel endothelial cell (659)	PECAM1 (CD31)
blood vessel endothelial cell (660)	PECAM1 (CD31)
blood vessel endothelial cell (661)	PECAM1 (CD31)
blood vessel endothelial cell (662)	PECAM1 (CD31)
blood vessel endothelial cell (663)	PECAM1 (CD31)
blood vessel endothelial cell (664)	PECAM1 (CD31)
blood vessel endothelial cell (665)	PECAM1 (CD31)
blood vessel endothelial cell (666)	PECAM1 (CD31)
blood vessel endothelial cell (667)	PECAM1 (CD31)
blood vessel endothelial cell (668)	PECAM1 (CD31)
blood vessel endothelial cell (669)	PECAM1 (CD31)
blood vessel endothelial cell (670)	PECAM1 (CD31)
blood vessel endothelial cell (671)	PECAM1 (CD31)
blood vessel endothelial cell (672)	PECAM1 (CD31)
blood vessel endothelial cell (673)	PECAM1 (CD31)
blood vessel endothelial cell (674)	PECAM1 (CD31)
blood vessel endothelial cell (675)	PECAM1 (CD31)
blood vessel endothelial cell (676)	PECAM1 (CD31)
blood vessel endothelial cell (677)	PECAM1 (CD31)
blood vessel endothelial cell (678)	PECAM1 (CD31)
blood vessel endothelial cell (679)	PECAM1 (CD31)
blood vessel endothelial cell (680)	PECAM1 (CD31)
blood vessel endothelial cell (681)	PECAM1 (CD31)
blood vessel endothelial cell (682)	PECAM1 (CD31)
blood vessel endothelial cell (683)	PECAM1 (CD31)
blood vessel endothelial cell (684)	PECAM1 (CD31)
blood vessel endothelial cell (685)	PECAM1 (CD31)
blood vessel endothelial cell (686)	PECAM1 (CD31)
blood vessel endothelial cell (687)	PECAM1 (CD31)
blood vessel endothelial cell (688)	PECAM1 (CD31)
blood vessel endothelial cell (689)	PECAM1 (CD31)
blood vessel endothelial cell (690)	PECAM1 (CD31)
blood vessel endothelial cell (691)	PECAM1 (CD31)
blood vessel endothelial cell (692)	PECAM1 (CD31)
blood vessel endothelial cell (693)	PECAM1 (CD31)
blood vessel endothelial cell (694)	PECAM1 (CD31)
blood vessel endothelial cell (695)	PECAM1 (CD31)
blood vessel endothelial cell (696)	PECAM1 (CD31)
blood vessel endothelial cell (697)	PECAM1 (CD31)
blood vessel endothelial cell (698)	PECAM1 (CD31)
blood vessel endothelial cell (699)	PECAM1 (CD31)
blood vessel endothelial cell (700)	PECAM1 (CD31)
blood vessel endothelial cell (701)	PECAM1 (CD31)
blood vessel endothelial cell (702)	PECAM1 (CD31)
blood vessel endothelial cell (703)	PECAM1 (CD31)
blood vessel endothelial cell (704)	PECAM1 (CD31)
blood vessel endothelial cell (705)	PECAM1 (CD31)
blood vessel endothelial cell (706)	PECAM1 (CD31)
blood vessel endothelial cell (707)	PECAM1 (CD31)
blood vessel endothelial cell (708)	PECAM1 (CD31)
blood vessel endothelial cell (709)	PECAM1 (CD31)
blood vessel endothelial cell (710)	PECAM1 (CD31)
blood vessel endothelial cell (711)	PECAM1 (CD31)
blood vessel endothelial cell (712)	PECAM1 (CD31)
blood vessel endothelial cell (713)	PECAM1 (CD31)
blood vessel endothelial cell (714)	PECAM1 (CD31)
blood vessel endothelial cell (715)	PECAM1 (CD31)
blood vessel endothelial cell (716)	PECAM1 (CD31)
blood vessel endothelial cell (717)	PECAM1 (CD31)
blood vessel endothelial cell (718)	PECAM1 (CD31)
blood vessel endothelial cell (719)	PECAM1 (CD31)
blood vessel endothelial cell (720)	PECAM1 (CD31)
blood vessel endothelial cell (721)	PECAM1 (CD31)
blood vessel endothelial cell (722)	PECAM1 (CD31)
blood vessel endothelial cell (723)	PECAM1 (CD31)
blood vessel endothelial cell (724)	PECAM1 (CD31)
blood vessel endothelial cell (725)	PECAM1 (CD31)
blood vessel endothelial cell (726)	PECAM1 (CD31)
blood vessel endothelial cell (727)	PECAM1 (CD31)
blood vessel endothelial cell (728)	PECAM1 (CD31)
blood vessel endothelial cell (729)	PECAM1 (CD31)
blood vessel endothelial cell (730)	PECAM1 (CD31)
blood vessel endothelial cell (731)	PECAM1 (CD31)
blood vessel endothelial cell (732)	PECAM1 (CD31)
blood vessel endothelial cell (733)	PECAM1 (CD31)
blood vessel endothelial cell (734)	PECAM1 (CD31)
blood vessel endothelial cell (735)	PECAM1 (CD31)
blood vessel endothelial cell (736)	PECAM1 (CD31)
blood vessel endothelial cell (737)	PECAM1 (CD31)
blood vessel endothelial cell (738)	PECAM1 (CD31)
blood vessel endothelial cell (739)	PECAM1 (CD31)
blood vessel endothelial cell (740)	PECAM1 (CD31)
blood vessel endothelial cell (741)	PECAM1 (CD31)
blood vessel endothelial cell (742)	PECAM1 (CD31)
blood vessel endothelial cell (743)	PECAM1 (CD31)
blood vessel endothelial cell (744)	PECAM1 (CD31)
blood vessel endothelial cell (745)	PECAM1 (CD31)
blood vessel endothelial cell (746)	PECAM1 (CD31)
blood vessel endothelial cell (747)	PECAM1 (CD31)
blood vessel endothelial cell (748)	PECAM1 (CD31)
blood vessel endothelial cell (749)	PECAM1 (CD31)
blood vessel endothelial cell (750)	PECAM1 (CD31)
blood vessel endothelial cell (751)	PECAM1 (CD31)
blood vessel endothelial cell (752)	PECAM1 (CD31)
blood vessel endothelial cell (753)	PECAM1 (CD31)
blood vessel endothelial cell (754)	PECAM1 (CD31)
blood vessel endothelial cell (755)	PECAM1 (CD31)
blood vessel endothelial cell (756)	PECAM1 (CD31)
blood vessel endothelial cell (757)	PECAM1 (CD31)
blood vessel endothelial cell (758)	PECAM1 (CD31)
blood vessel endothelial cell (759)	PECAM1 (CD31)
blood vessel endothelial cell (760)	PECAM1 (CD31)
blood vessel endothelial cell (761)	PECAM1 (CD31)
blood vessel endothelial cell (762)	PECAM1 (CD31)
blood vessel endothelial cell (763)	PECAM1 (CD31)
blood vessel endothelial cell (764)	PECAM1 (CD31)
blood vessel endothelial cell (765)	PECAM1 (CD31)
blood vessel endothelial cell (766)	PECAM1 (CD31)
blood vessel endothelial cell (767)	PECAM1 (CD31)
blood vessel endothelial cell (768)	PECAM1 (CD31)
blood vessel endothelial cell (769)	PECAM1 (CD31)
blood vessel endothelial cell (770)	PECAM1 (CD31)
blood vessel endothelial cell (771)	PECAM1 (CD31)
blood vessel endothelial cell (772)	PECAM1 (CD31)
blood vessel endothelial cell (773)	PECAM1 (CD31)
blood vessel endothelial cell (774)	PECAM1 (CD31)
blood vessel endothelial cell (775)	PECAM1 (CD31)
blood vessel endothelial cell (776)	PECAM1 (CD31)
blood vessel endothelial cell (777)	PECAM1 (CD31)
blood vessel endothelial cell (778)	PECAM1 (CD31)
blood vessel endothelial cell (779)	PECAM1 (CD31)
blood vessel endothelial cell (780)	PECAM1 (CD31)
blood vessel endothelial cell (781)	PECAM1 (CD31)
blood vessel endothelial cell (782)	PECAM1 (CD31)
blood vessel endothelial cell (783)	PECAM1 (CD31)
blood vessel endothelial cell (784)	PECAM1 (CD31)
blood vessel endothelial cell (785)	PECAM1 (CD31)
blood vessel endothelial cell (786)	PECAM1 (CD31)
blood vessel endothelial cell (787)	PECAM1 (CD31)
blood vessel endothelial cell (788)	PECAM1 (CD31)
blood vessel endothelial cell (789)	PECAM1 (CD31)
blood vessel endothelial cell (790)	PECAM1 (CD31)
blood vessel endothelial cell (791)	PECAM1 (CD31)
blood vessel endothelial cell (792)	PECAM1 (CD31)
blood vessel endothelial cell (793)	PECAM1 (CD31)
blood vessel endothelial cell (794)	PECAM1 (CD31)
blood vessel endothelial cell (795)	PECAM1 (CD31)
blood vessel endothelial cell (796)	PECAM1 (CD31)
blood vessel endothelial cell (797)	PECAM1 (CD31)
blood vessel endothelial cell (798)	PECAM1 (CD31)
blood vessel endothelial cell (799)	PECAM1 (CD31)
blood vessel endothelial cell (800)	PECAM1 (CD31)
blood vessel endothelial cell (801)	PECAM1 (CD31)
blood vessel endothelial cell (802)	PECAM1 (CD31)
blood vessel endothelial cell (803)	PECAM1 (CD31)
blood vessel endothelial cell (804)	PECAM1 (CD31)
blood vessel endothelial cell (805)	PECAM1 (CD31)
blood vessel endothelial cell (806)	PECAM1 (CD31)
blood vessel endothelial cell (807)	PECAM1 (CD31)
blood vessel endothelial cell (808)	PECAM1 (CD31)
blood vessel endothelial cell (809)	PECAM1 (CD31)
blood vessel endothelial cell (810)	PECAM1 (CD31)
blood vessel endothelial cell (811)	PECAM1 (CD31)
blood vessel endothelial cell (812)	PECAM1 (CD31)
blood vessel endothelial cell (813)	PECAM1 (CD31)
blood vessel endothelial cell (814)	PECAM1 (CD31)
blood vessel endothelial cell (815)	PECAM1 (CD31)
blood vessel endothelial cell (816)	PECAM1 (CD31)
blood vessel endothelial cell (817)	PECAM1 (CD31)
blood vessel endothelial cell (818)	PECAM1 (CD31)
blood vessel endothelial cell (819)	PECAM1 (CD31)
blood vessel endothelial cell (820)	PECAM1 (CD31)
blood vessel endothelial cell (821)	PECAM1 (CD31)
blood vessel endothelial cell (822)	PECAM1 (CD31)
blood vessel endothelial cell (823)	PECAM1 (CD31)
blood vessel endothelial cell (824)	PECAM1 (CD31)
blood vessel endothelial cell (825)	PECAM1 (CD31)
blood vessel endothelial cell (826)	PECAM1 (CD31)
blood vessel endothelial cell (827)	PECAM1 (CD31)
blood vessel endothelial cell (828)	PECAM1 (CD31)
blood vessel endothelial cell (829)	PECAM1 (CD31)
blood vessel endothelial cell (830)	PECAM1 (CD31)
blood vessel endothelial cell (831)	PECAM1 (CD31)
blood vessel endothelial cell (832)	PECAM1 (CD31)
blood vessel endothelial cell (833)	PECAM1 (CD31)
blood vessel endothelial cell (834)	PECAM1 (CD31)
blood vessel endothelial cell (835)	PECAM1 (CD31)
blood vessel endothelial cell (836)	PECAM1 (CD31)
blood vessel endothelial cell (837)	PECAM1 (CD31)
blood vessel endothelial cell (838)	PECAM1 (CD31)
blood vessel endothelial cell (839)	PECAM1 (CD31)
cardiac endothelial cell (840)	PECAM1 (CD31)
blood vessel endothelial cell (841)	PECAM1 (CD31)
blood vessel endothelial cell (842)	PECAM1 (CD31)
blood vessel endothelial cell (843)	PECAM1 (CD31)
blood vessel endothelial cell (844)	PECAM1 (CD31)
blood vessel endothelial cell (845)	PECAM1 (CD31)
blood vessel endothelial cell (846)	PECAM1 (CD31)
blood vessel endothelial cell (847)	PECAM1 (CD31)
blood vessel endothelial cell (848)	PECAM1 (CD31)
blood vessel endothelial cell (849)	PECAM1 (CD31)
blood vessel endothelial cell (850)	PECAM1 (CD31)
blood vessel endothelial cell (851)	PECAM1 (CD31)
blood vessel endothelial cell (852)	PECAM1 (CD31)
blood vessel endothelial cell (853)	PECAM1 (CD31)
blood vessel endothelial cell (854)	PECAM1 (CD31)
blood vessel endothelial cell (855)	PECAM1 (CD31)
blood vessel endothelial cell (856)	PECAM1 (CD31)
blood vessel endothelial cell (857)	PECAM1 (CD31)
blood vessel endothelial cell (858)	PECAM1 (CD31)
blood vessel endothelial cell (859)	PECAM1 (CD31)
blood vessel endothelial cell (860)	PECAM1 (CD31)
blood vessel endothelial cell (861)	PECAM1 (CD31)
blood vessel endothelial cell (862)	PECAM1 (CD31)
blood vessel endothelial cell (863)	PECAM1 (CD31)
blood vessel endothelial cell (864)	PECAM1 (CD31)
blood vessel endothelial cell (865)	PECAM1 (CD31)
blood vessel endothelial cell (866)	PECAM1 (CD31)
blood vessel endothelial cell (867)	PECAM1 (CD31)
blood vessel endothelial cell (868)	PECAM1 (CD31)
blood vessel endothelial cell (869)	PECAM1 (CD31)
cell (805)	['PECAM1 (CD31)']
blood vessel endothelial cell (806)	['PECAM1 (CD31)']
blood vessel endothelial cell (807)	['PECAM1 (CD31)']
blood vessel endothelial cell (808)	['PECAM1 (CD31)']
blood vessel endothelial cell (809)	['PECAM1 (CD31)']
blood vessel endothelial cell (810)	['PECAM1 (CD31)']
blood vessel endothelial cell (811)	['PECAM1 (CD31)']
blood vessel endothelial cell (812)	['PECAM1 (CD31)']
blood vessel endothelial cell (813)	['PECAM1 (CD31)']
blood vessel endothelial cell (814)	['PECAM1 (CD31)']
blood vessel endothelial cell (815)	['PECAM1 (CD31)']
blood vessel endothelial cell (816)	['PECAM1 (CD31)']
blood vessel endothelial cell (817)	['PECAM1 (CD31)']
blood vessel endothelial cell (818)	['PECAM1 (CD31)']
blood vessel endothelial cell (819)	['PECAM1 (CD31)']
blood vessel endothelial cell (820)	['PECAM1 (CD31)']
blood vessel endothelial cell (821)	['PECAM1 (CD31)']
blood vessel endothelial cell (822)	['PECAM1 (CD31)']
blood vessel endothelial cell (823)	['PECAM1 (CD31)']
blood vessel endothelial cell (824)	['PECAM1 (CD31)']
blood vessel endothelial cell (825)	['PECAM1 (CD31)']
blood vessel endothelial cell (826)	['PECAM1 (CD31)']
blood vessel endothelial cell (827)	['PECAM1 (CD31)']
blood vessel endothelial cell (828)	['PECAM1 (CD31)']
blood vessel endothelial cell (829)	['PECAM1 (CD31)']
blood vessel endothelial cell (830)	['PECAM1 (CD31)']
blood vessel endothelial cell (831)	['PECAM1 (CD31)']
blood vessel endothelial cell (832)	['PECAM1 (CD31)']
blood vessel endothelial cell (833)	['PECAM1 (CD31)']
blood vessel endothelial cell (834)	['PECAM1 (CD31)']
blood vessel endothelial cell (835)	['PECAM1 (CD31)']
blood vessel endothelial cell (836)	['PECAM1 (CD31)']
blood vessel endothelial cell (837)	['PECAM1 (CD31)']
blood vessel endothelial cell (838)	['PECAM1 (CD31)']
blood vessel endothelial cell (839)	['PECAM1 (CD31)']
cardiac endothelial cell (840)	['PECAM1 (CD31)']
blood vessel endothelial cell (841)	['PECAM1 (CD31)']
blood vessel endothelial cell (842)	['PECAM1 (CD31)']
blood vessel endothelial cell (843)	['PECAM1 (CD31)']
blood vessel endothelial cell (844)	['PECAM1 (CD31)']
blood vessel endothelial cell (845)	['PECAM1 (CD31)']
blood vessel endothelial cell (846)	['PECAM1 (CD31)']
blood vessel endothelial cell (847)	['PECAM1 (CD31)']
blood vessel endothelial cell (848)	['PECAM1 (CD31)']
blood vessel endothelial cell (849)	['PECAM1 (CD31)']
blood vessel endothelial cell (850)	['PECAM1 (CD31)']
blood vessel endothelial cell (851)	['PECAM1 (CD31)']
blood vessel endothelial cell (852)	['PECAM1 (CD31)']
blood vessel endothelial cell (853)	['PECAM1 (CD31)']
blood vessel endothelial cell (854)	['PECAM1 (CD31)']
blood vessel endothelial cell (855)	['PECAM1 (CD31)']
blood vessel endothelial cell (856)	['PECAM1 (CD31)']
blood vessel endothelial cell (857)	['PECAM1 (CD31)']
blood vessel endothelial cell (858)	['PECAM1 (CD31)']
blood vessel endothelial cell (859)	['PECAM1 (CD31)']
blood vessel endothelial cell (860)	['PECAM1 (CD31)']
blood vessel endothelial cell (861)	['PECAM1 (CD31)']
blood vessel endothelial cell (862)	['PECAM1 (CD31)']
blood vessel endothelial cell (863)	['PECAM1 (CD31)']
blood vessel endothelial cell (864)	['PECAM1 (CD31)']
blood vessel endothelial cell (865)	['PECAM1 (CD31)']
blood vessel endothelial cell (866)	['PECAM1 (CD31)']
blood vessel endothelial cell (867)	['PECAM1 (CD31)']
blood vessel endothelial cell (868)	['PECAM1 (CD31)']
blood vessel endothelial cell (869)	['PECAM1 (CD31)']
