neuron (0)	neuron-specific enolase (NSE)
neuron (1)	neuron-specific enolase (NSE)
neuron (2)	neuron-specific enolase (NSE)
neuron (3)	neuron-specific enolase (NSE)
neuron (4)	neuron-specific enolase (NSE)
neuron (5)	neuron-specific enolase (NSE)
neuron (6)	neuron-specific enolase (NSE)
neuron (7)	neuron-specific enolase (NSE)
neuron (8)	neuron-specific enolase (NSE)
neuron (9)	neuron-specific enolase (NSE)
neuron (10)	neuron-specific enolase (NSE)
neuron (11)	neuron-specific enolase (NSE)
neuron (12)	neuron-specific enolase (NSE)
neuron (13)	neuron-specific enolase (NSE)
neuron (14)	neuron-specific enolase (NSE)
neuron (15)	neuron-specific enolase (NSE)
neuron (16)	neuron-specific enolase (NSE)
neuron (17)	neuron-specific enolase (NSE)
neuron (18)	neuron-specific enolase (NSE)
neuron (19)	neuron-specific enolase (NSE)
neuron (20)	neuron-specific enolase (NSE)
neuron (21)	neuron-specific enolase (NSE)
neuron (22)	neuron-specific enolase (NSE)
neuron (23)	neuron-specific enolase (NSE)
neuron (24)	neuron-specific enolase (NSE)
neuron (25)	neuron-specific enolase (NSE)
neuron (26)	neuron-specific enolase (NSE)
neuron (27)	neuron-specific enolase (NSE)
neuron (28)	neuron-specific enolase (NSE)
neuron (29)	neuron-specific enolase (NSE)
neuron (30)	neuron-specific enolase (NSE)
neuron (31)	neuron-specific enolase (NSE)
neuron (32)	neuron-specific enolase (NSE)
neuron (33)	neuron-specific enolase (NSE)
neuron (34)	neuron-specific enolase (NSE)
neuron (35)	neuron-specific enolase (NSE)
neuron (36)	neuron-specific enolase (NSE)
neuron (37)	neuron-specific enolase (NSE)
neuron (38)	neuron-specific enolase (NSE)
neuron (39)	neuron-specific enolase (NSE)
neuron (40)	neuron-specific enolase (NSE)
neuron (41)	neuron-specific enolase (NSE)
neuron (42)	neuron-specific enolase (NSE)
neuron (43)	neuron-specific enolase (NSE)
neuron (44)	neuron-specific enolase (NSE)
neuron (45)	neuron-specific enolase (NSE)
neuron (46)	neuron-specific enolase (NSE)
neuron (47)	neuron-specific enolase (NSE)
neuron (48)	neuron-specific enolase (NSE)
neuron (49)	neuron-specific enolase (NSE)
neuron (50)	neuron-specific enolase (NSE)
neuron (51)	neuron-specific enolase (NSE)
neuron (52)	neuron-specific enolase (NSE)
neuron (53)	neuron-specific enolase (NSE)
neuron (54)	neuron-specific enolase (NSE)
neuron (55)	neuron-specific enolase (NSE)
neuron (56)	neuron-specific enolase (NSE)
neuron (57)	neuron-specific enolase (NSE)
neuron (58)	neuron-specific enolase (NSE)
neuron (59)	neuron-specific enolase (NSE)
neuron (60)	neuron-specific enolase (NSE)
neuron (61)	neuron-specific enolase (NSE)
neuron (62)	neuron-specific enolase (NSE)
neuron (63)	neuron-specific enolase (NSE)
neuron (64)	neuron-specific enolase (NSE)
neuron (65)	neuron-specific enolase (NSE)
neuron (66)	neuron-specific enolase (NSE)
neuron (67)	neuron-specific enolase (NSE)
neuron (68)	neuron-specific enolase (NSE)
neuron (69)	neuron-specific enolase (NSE)
neuron (70)	neuron-specific enolase (NSE)
neuron (71)	neuron-specific enolase (NSE)
neuron (72)	neuron-specific enolase (NSE)
neuron (73)	neuron-specific enolase (NSE)
neuron (74)	neuron-specific enolase (NSE)
neuron (75)	neuron-specific enolase (NSE)
neuron (76)	neuron-specific enolase (NSE)
neuron (77)	neuron-specific enolase (NSE)
neuron (78)	neuron-specific enolase (NSE)
neuron (79)	neuron-specific enolase (NSE)
neuron (80)	neuron-specific enolase (NSE)
neuron (81)	neuron-specific enolase (NSE)
neuron (82)	neuron-specific enolase (NSE)
neuron (83)	neuron-specific enolase (NSE)
neuron (84)	neuron-specific enolase (NSE)
neuron (85)	neuron-specific enolase (NSE)
neuron (86)	neuron-specific enolase (NSE)
neuron (87)	neuron-specific enolase (NSE)
neuron (88)	neuron-specific enolase (NSE)
neuron (89)	neuron-specific enolase (NSE)
neuron (90)	neuron-specific enolase (NSE)
neuron (91)	neuron-specific enolase (NSE)
neuron (92)	neuron-specific enolase (NSE)
neuron (93)	neuron-specific enolase (NSE)
neuron (94)	neuron-specific enolase (NSE)
neuron (95)	neuron-specific enolase (NSE)
neuron (96)	neuron-specific enolase (NSE)
neuron (97)	neuron-specific enolase (NSE)
neuron (98)	neuron-specific enolase (NSE)
neuron (99)	neuron-specific enolase (NSE)
neuron (100)	neuron-specific enolase (NSE)
neuron (101)	neuron-specific enolase (NSE)
neuron (102)	neuron-specific enolase (NSE)
neuron (103)	neuron-specific enolase (NSE)
neuron (104)	neuron-specific enolase (NSE)
neuron (105)	neuron-specific enolase (NSE)
neuron (106)	neuron-specific enolase (NSE)
neuron (107)	neuron-specific enolase (NSE)
neuron (108)	neuron-specific enolase (NSE)
neuron (109)	neuron-specific enolase (NSE)
neuron (110)	neuron-specific enolase (NSE)
neuron (111)	neuron-specific enolase (NSE)
neuron (112)	neuron-specific enolase (NSE)
neuron (113)	neuron-specific enolase (NSE)
neuron (114)	neuron-specific enolase (NSE)
neuron (115)	neuron-specific enolase (NSE)
neuron (116)	neuron-specific enolase (NSE)
neuron (117)	neuron-specific enolase (NSE)
neuron (118)	neuron-specific enolase (NSE)
neuron (119)	neuron-specific enolase (NSE)
neuron (120)	neuron-specific enolase (NSE)
neuron (121)	neuron-specific enolase (NSE)
neuron (122)	neuron-specific enolase (NSE)
neuron (123)	neuron-specific enolase (NSE)
neuron (124)	neuron-specific enolase (NSE)
neuron (125)	neuron-specific enolase (NSE)
neuron (126)	neuron-specific enolase (NSE)
neuron (127)	neuron-specific enolase (NSE)
neuron (128)	neuron-specific enolase (NSE)
neuron (129)	neuron-specific enolase (NSE)
neuron (130)	neuron-specific enolase (NSE)
neuron (131)	neuron-specific enolase (NSE)
neuron (132)	neuron-specific enolase (NSE)
neuron (133)	neuron-specific enolase (NSE)
neuron (134)	neuron-specific enolase (NSE)
neuron (135)	neuron-specific enolase (NSE)
neuron (136)	neuron-specific enolase (NSE)
neuron (137)	neuron-specific enolase (NSE)
neuron (138)	neuron-specific enolase (NSE)
neuron (139)	neuron-specific enolase (NSE)
neuron (140)	neuron-specific enolase (NSE)
neuron (141)	neuron-specific enolase (NSE)
neuron (142)	neuron-specific enolase (NSE)
neuron (143)	neuron-specific enolase (NSE)
neuron (144)	neuron-specific enolase (NSE)
neuron (145)	neuron-specific enolase (NSE)
neuron (146)	neuron-specific enolase (NSE)
neuron (147)	neuron-specific enolase (NSE)
neuron (149)	neuron-specific enolase (NSE)
neuron (150)	neuron-specific enolase (NSE)
neuron (151)	neuron-specific enolase (NSE)
neuron (152)	neuron-specific enolase (NSE)
neuron (153)	neuron-specific enolase (NSE)
neuron (154)	neuron-specific enolase (NSE)
neuron (155)	neuron-specific enolase (NSE)
neuron (156)	neuron-specific enolase (NSE)
neuron (157)	neuron-specific enolase (NSE)
neuron (158)	neuron-specific enolase (NSE)
neuron (159)	neuron-specific enolase (NSE)
neuron (160)	neuron-specific enolase (NSE)
neuron (161)	neuron-specific enolase (NSE)
neuron (162)	neuron-specific enolase (NSE)
neuron (163)	neuron-specific enolase (NSE)
neuron (164)	neuron-specific enolase (NSE)
neuron (165)	neuron-specific enolase (NSE)
neuron (166)	neuron-specific enolase (NSE)
neuron (167)	neuron-specific enolase (NSE)
neuron (168)	neuron-specific enolase (NSE)
neuron (169)	neuron-specific enolase (NSE)
neuron (170)	neuron-specific enolase (NSE)
neuron (171)	neuron-specific enolase (NSE)
neuron (172)	neuron-specific enolase (NSE)
neuron (173)	neuron-specific enolase (NSE)
neuron (174)	neuron-specific enolase (NSE)
neuron (175)	neuron-specific enolase (NSE)
neuron (176)	neuron-specific enolase (NSE)
neuron (177)	neuron-specific enolase (NSE)
neuron (178)	neuron-specific enolase (NSE)
neuron (179)	neuron-specific enolase (NSE)
neuron (180)	neuron-specific enolase (NSE)
neuron (181)	neuron-specific enolase (NSE)
neuron (182)	neuron-specific enolase (NSE)
neuron (183)	neuron-specific enolase (NSE)
neuron (184)	neuron-specific enolase (NSE)
neuron (185)	neuron-specific enolase (NSE)
neuron (186)	neuron-specific enolase (NSE)
neuron (187)	neuron-specific enolase (NSE)
neuron (188)	neuron-specific enolase (NSE)
neuron (189)	neuron-specific enolase (NSE)
neuron (190)	neuron-specific enolase (NSE)
neuron (191)	neuron-specific enolase (NSE)
neuron (192)	neuron-specific enolase (NSE)
neuron (193)	neuron-specific enolase (NSE)
neuron (194)	neuron-specific enolase (NSE)
neuron (195)	neuron-specific enolase (NSE)
neuron (196)	neuron-specific enolase (NSE)
neuron (197)	neuron-specific enolase (NSE)
neuron (198)	neuron-specific enolase (NSE)
neuron (199)	neuron-specific enolase (NSE)
neuron (200)	neuron-specific enolase (NSE)
neuron (201)	neuron-specific enolase (NSE)
neuron (202)	neuron-specific enolase (NSE)
neuron (203)	neuron-specific enolase (NSE)
neuron (204)	neuron-specific enolase (NSE)
neuron (205)	neuron-specific enolase (NSE)
neuron (206)	neuron-specific enolase (NSE)
neuron (207)	neuron-specific enolase (NSE)
neuron (208)	neuron-specific enolase (NSE)
neuron (209)	neuron-specific enolase (NSE)
neuron (210)	neuron-specific enolase (NSE)
neuron (211)	neuron-specific enolase (NSE)
neuron (212)	neuron-specific enolase (NSE)
neuron (213)	neuron-specific enolase (NSE)
neuron (214)	neuron-specific enolase (NSE)
neuron (215)	neuron-specific enolase (NSE)
neuron (216)	neuron-specific enolase (NSE)
neuron (217)	neuron-specific enolase (NSE)
neuron (218)	neuron-specific enolase (NSE)
neuron (219)	neuron-specific enolase (NSE)
neuron (220)	neuron-specific enolase (NSE)
neuron (221)	neuron-specific enolase (NSE)
neuron (222)	neuron-specific enolase (NSE)
neuron (223)	neuron-specific enolase (NSE)
neuron (224)	neuron-specific enolase (NSE)
neuron (225)	neuron-specific enolase (NSE)
neuron (226)	neuron-specific enolase (NSE)
neuron (227)	neuron-specific enolase (NSE)
neuron (228)	neuron-specific enolase (NSE)
neuron (229)	neuron-specific enolase (NSE)
neuron (230)	neuron-specific enolase (NSE)
neuron (231)	neuron-specific enolase (NSE)
neuron (232)	neuron-specific enolase (NSE)
neuron (233)	neuron-specific enolase (NSE)
neuron (234)	neuron-specific enolase (NSE)
neuron (235)	neuron-specific enolase (NSE)
neuron (236)	neuron-specific enolase (NSE)
neuron (237)	neuron-specific enolase (NSE)
neuron (238)	neuron-specific enolase (NSE)
neuron (239)	neuron-specific enolase (NSE)
neuron (240)	neuron-specific enolase (NSE)
neuron (241)	neuron-specific enolase (NSE)
neuron (242)	neuron-specific enolase (NSE)
neuron (243)	neuron-specific enolase (NSE)
neuron (244)	neuron-specific enolase (NSE)
neuron (245)	neuron-specific enolase (NSE)
neuron (246)	neuron-specific enolase (NSE)
neuron (247)	neuron-specific enolase (NSE)
neuron (248)	neuron-specific enolase (NSE)
neuron (249)	neuron-specific enolase (NSE)
neuron (250)	neuron-specific enolase (NSE)
neuron (251)	neuron-specific enolase (NSE)
neuron (252)	neuron-specific enolase (NSE)
neuron (253)	neuron-specific enolase (NSE)
neuron (254)	neuron-specific enolase (NSE)
neuron (255)	neuron-specific enolase (NSE)
neuron (256)	neuron-specific enolase (NSE)
neuron (257)	neuron-specific enolase (NSE)
neuron (258)	neuron-specific enolase (NSE)
neuron (259)	neuron-specific enolase (NSE)
neuron (260)	neuron-specific enolase (NSE)
neuron (261)	neuron-specific enolase (NSE)
neuron (262)	neuron-specific enolase (NSE)
neuron (263)	neuron-specific enolase (NSE)
neuron (264)	neuron-specific enolase (NSE)
neuron (265)	neuron-specific enolase (NSE)
neuron (266)	neuron-specific enolase (NSE)
neuron (267)	neuron-specific enolase (NSE)
neuron (268)	neuron-specific enolase (NSE)
neuron (269)	neuron-specific enolase (NSE)
neuron (270)	neuron-specific enolase (NSE)
neuron (271)	neuron-specific enolase (NSE)
neuron (272)	neuron-specific enolase (NSE)
neuron (273)	neuron-specific enolase (NSE)
neuron (274)	neuron-specific enolase (NSE)
neuron (275)	neuron-specific enolase (NSE)
neuron (276)	neuron-specific enolase (NSE)
neuron (277)	neuron-specific enolase (NSE)
neuron (278)	neuron-specific enolase (NSE)
neuron (279)	neuron-specific enolase (NSE)
neuron (280)	neuron-specific enolase (NSE)
neuron (281)	neuron-specific enolase (NSE)
neuron (282)	neuron-specific enolase (NSE)
neuron (283)	neuron-specific enolase (NSE)
neuron (284)	neuron-specific enolase (NSE)
neuron (285)	neuron-specific enolase (NSE)
neuron (286)	neuron-specific enolase (NSE)
neuron (287)	neuron-specific enolase (NSE)
neuron (288)	neuron-specific enolase (NSE)
neuron (289)	neuron-specific enolase (NSE)
neuron (290)	neuron-specific enolase (NSE)
neuron (291)	neuron-specific enolase (NSE)
neuron (292)	neuron-specific enolase (NSE)
neuron (293)	neuron-specific enolase (NSE)
neuron (294)	neuron-specific enolase (NSE)
neuron (295)	neuron-specific enolase (NSE)
neuron (296)	neuron-specific enolase (NSE)
neuron (297)	neuron-specific enolase (NSE)
neuron (298)	neuron-specific enolase (NSE)
neuron (299)	neuron-specific enolase (NSE)
neuron (300)	neuron-specific enolase (NSE)
neuron (301)	neuron-specific enolase (NSE)
neuron (302)	neuron-specific enolase (NSE)
neuron (303)	neuron-specific enolase (NSE)
neuron (304)	neuron-specific enolase (NSE)
neuron (305)	neuron-specific enolase (NSE)
neuron (306)	neuron-specific enolase (NSE)
neuron (307)	neuron-specific enolase (NSE)
neuron (308)	neuron-specific enolase (NSE)
neuron (309)	neuron-specific enolase (NSE)
neuron (310)	neuron-specific enolase (NSE)
neuron (311)	neuron-specific enolase (NSE)
neuron (312)	neuron-specific enolase (NSE)
neuron (313)	neuron-specific enolase (NSE)
neuron (314)	neuron-specific enolase (NSE)
neuron (315)	neuron-specific enolase (NSE)
neuron (316)	neuron-specific enolase (NSE)
neuron (317)	neuron-specific enolase (NSE)
neuron (318)	neuron-specific enolase (NSE)
neuron (319)	neuron-specific enolase (NSE)
neuron (320)	neuron-specific enolase (NSE)
neuron (321)	neuron-specific enolase (NSE)
neuron (322)	neuron-specific enolase (NSE)
neuron (323)	neuron-specific enolase (NSE)
neuron (324)	neuron-specific enolase (NSE)
neuron (325)	neuron-specific enolase (NSE)
neuron (326)	neuron-specific enolase (NSE)
neuron (327)	neuron-specific enolase (NSE)
neuron (328)	neuron-specific enolase (NSE)
neuron (329)	neuron-specific enolase (NSE)
neuron (330)	neuron-specific enolase (NSE)
neuron (331)	neuron-specific enolase (NSE)
neuron (332)	neuron-specific enolase (NSE)
neuron (333)	neuron-specific enolase (NSE)
neuron (334)	neuron-specific enolase (NSE)
neuron (335)	neuron-specific enolase (NSE)
neuron (336)	neuron-specific enolase (NSE)
neuron (337)	neuron-specific enolase (NSE)
neuron (338)	neuron-specific enolase (NSE)
neuron (339)	neuron-specific enolase (NSE)
neuron (340)	neuron-specific enolase (NSE)
neuron (341)	neuron-specific enolase (NSE)
neuron (342)	neuron-specific enolase (NSE)
neuron (343)	neuron-specific enolase (NSE)
neuron (344)	neuron-specific enolase (NSE)
neuron (345)	neuron-specific enolase (NSE)
neuron (346)	neuron-specific enolase (NSE)
neuron (347)	neuron-specific enolase (NSE)
neuron (348)	neuron-specific enolase (NSE)
neuron (349)	neuron-specific enolase (NSE)
neuron (350)	neuron-specific enolase (NSE)
neuron (351)	neuron-specific enolase (NSE)
neuron (352)	neuron-specific enolase (NSE)
neuron (353)	neuron-specific enolase (NSE)
neuron (354)	neuron-specific enolase (NSE)
neuron (355)	neuron-specific enolase (NSE)
neuron (356)	neuron-specific enolase (NSE)
neuron (357)	neuron-specific enolase (NSE)
neuron (358)	neuron-specific enolase (NSE)
neuron (359)	neuron-specific enolase (NSE)
neuron (360)	neuron-specific enolase (NSE)
neuron (361)	neuron-specific enolase (NSE)
neuron (362)	neuron-specific enolase (NSE)
neuron (363)	neuron-specific enolase (NSE)
neuron (364)	neuron-specific enolase (NSE)
neuron (365)	neuron-specific enolase (NSE)
neuron (366)	neuron-specific enolase (NSE)
neuron (367)	neuron-specific enolase (NSE)
neuron (368)	neuron-specific enolase (NSE)
neuron (369)	neuron-specific enolase (NSE)
neuron (370)	neuron-specific enolase (NSE)
neuron (371)	neuron-specific enolase (NSE)
neuron (372)	neuron-specific enolase (NSE)
neuron (373)	neuron-specific enolase (NSE)
neuron (374)	neuron-specific enolase (NSE)
neuron (375)	neuron-specific enolase (NSE)
neuron (376)	neuron-specific enolase (NSE)
neuron (377)	neuron-specific enolase (NSE)
neuron (378)	neuron-specific enolase (NSE)
neuron (379)	neuron-specific enolase (NSE)
neuron (380)	neuron-specific enolase (NSE)
neuron (381)	neuron-specific enolase (NSE)
neuron (382)	neuron-specific enolase (NSE)
neuron (383)	neuron-specific enolase (NSE)
neuron (384)	neuron-specific enolase (NSE)
neuron (385)	neuron-specific enolase (NSE)
neuron (386)	neuron-specific enolase (NSE)
neuron (387)	neuron-specific enolase (NSE)
neuron (388)	neuron-specific enolase (NSE)
neuron (389)	neuron-specific enolase (NSE)
neuron (390)	neuron-specific enolase (NSE)
neuron (391)	neuron-specific enolase (NSE)
neuron (392)	neuron-specific enolase (NSE)
neuron (393)	neuron-specific enolase (NSE)
neuron (394)	neuron-specific enolase (NSE)
neuron (395)	neuron-specific enolase (NSE)
neuron (396)	neuron-specific enolase (NSE)
neuron (397)	neuron-specific enolase (NSE)
neuron (398)	neuron-specific enolase (NSE)
neuron (399)	neuron-specific enolase (NSE)
neuron (400)	neuron-specific enolase (NSE)
neuron (401)	neuron-specific enolase (NSE)
neuron (402)	neuron-specific enolase (NSE)
neuron (403)	neuron-specific enolase (NSE)
neuron (404)	neuron-specific enolase (NSE)
neuron (405)	neuron-specific enolase (NSE)
neuron (406)	neuron-specific enolase (NSE)
neuron (407)	neuron-specific enolase (NSE)
neuron (408)	neuron-specific enolase (NSE)
neuron (409)	neuron-specific enolase (NSE)
neuron (410)	neuron-specific enolase (NSE)
neuron (411)	neuron-specific enolase (NSE)
neuron (412)	neuron-specific enolase (NSE)
neuron (413)	neuron-specific enolase (NSE)
neuron (414)	neuron-specific enolase (NSE)
neuron (415)	neuron-specific enolase (NSE)
neuron (416)	neuron-specific enolase (NSE)
neuron (417)	neuron-specific enolase (NSE)
neuron (418)	neuron-specific enolase (NSE)
neuron (419)	neuron-specific enolase (NSE)
neuron (420)	neuron-specific enolase (NSE)
neuron (421)	neuron-specific enolase (NSE)
neuron (422)	neuron-specific enolase (NSE)
neuron (423)	neuron-specific enolase (NSE)
neuron (424)	neuron-specific enolase (NSE)
neuron (425)	neuron-specific enolase (NSE)
neuron (426)	neuron-specific enolase (NSE)
neuron (427)	neuron-specific enolase (NSE)
neuron (428)	neuron-specific enolase (NSE)
neuron (429)	neuron-specific enolase (NSE)
neuron (430)	neuron-specific enolase (NSE)
neuron (431)	neuron-specific enolase (NSE)
neuron (432)	neuron-specific enolase (NSE)
neuron (433)	neuron-specific enolase (NSE)
neuron (434)	neuron-specific enolase (NSE)
neuron (435)	neuron-specific enolase (NSE)
neuron (436)	neuron-specific enolase (NSE)
neuron (437)	neuron-specific enolase (NSE)
neuron (438)	neuron-specific enolase (NSE)
neuron (439)	neuron-specific enolase (NSE)
neuron (440)	neuron-specific enolase (NSE)
neuron (442)	neuron-specific enolase (NSE)
neuron (443)	neuron-specific enolase (NSE)
neuron (444)	neuron-specific enolase (NSE)
neuron (445)	neuron-specific enolase (NSE)
neuron (446)	neuron-specific enolase (NSE)
neuron (447)	neuron-specific enolase (NSE)
neuron (448)	neuron-specific enolase (NSE)
neuron (449)	neuron-specific enolase (NSE)
neuron (450)	neuron-specific enolase (NSE)
neuron (451)	neuron-specific enolase (NSE)
neuron (452)	neuron-specific enolase (NSE)
neuron (453)	neuron-specific enolase (NSE)
neuron (454)	neuron-specific enolase (NSE)
neuron (455)	neuron-specific enolase (NSE)
neuron (456)	neuron-specific enolase (NSE)
neuron (457)	neuron-specific enolase (NSE)
neuron (458)	neuron-specific enolase (NSE)
neuron (459)	neuron-specific enolase (NSE)
neuron (460)	neuron-specific enolase (NSE)
neuron (461)	neuron-specific enolase (NSE)
neuron (462)	neuron-specific enolase (NSE)
neuron (463)	neuron-specific enolase (NSE)
neuron (464)	neuron-specific enolase (NSE)
neuron (465)	neuron-specific enolase (NSE)
neuron (466)	neuron-specific enolase (NSE)
neuron (467)	neuron-specific enolase (NSE)
neuron (468)	neuron-specific enolase (NSE)
neuron (469)	neuron-specific enolase (NSE)
neuron (470)	neuron-specific enolase (NSE)
neuron (472)	neuron-specific enolase (NSE)
neuron (473)	neuron-specific enolase (NSE)
neuron (474)	neuron-specific enolase (NSE)
neuron (475)	neuron-specific enolase (NSE)
neuron (476)	neuron-specific enolase (NSE)
neuron (477)	neuron-specific enolase (NSE)
neuron (478)	neuron-specific enolase (NSE)
neuron (479)	neuron-specific enolase (NSE)
neuron (480)	neuron-specific enolase (NSE)
neuron (481)	neuron-specific enolase (NSE)
neuron (482)	neuron-specific enolase (NSE)
neuron (483)	neuron-specific enolase (NSE)
neuron (484)	neuron-specific enolase (NSE)
neuron (485)	neuron-specific enolase (NSE)
neuron (486)	neuron-specific enolase (NSE)
neuron (487)	neuron-specific enolase (NSE)
neuron (488)	neuron-specific enolase (NSE)
neuron (489)	neuron-specific enolase (NSE)
neuron (490)	neuron-specific enolase (NSE)
neuron (491)	neuron-specific enolase (NSE)
neuron (492)	neuron-specific enolase (NSE)
neuron (493)	neuron-specific enolase (NSE)
neuron (494)	neuron-specific enolase (NSE)
neuron (495)	neuron-specific enolase (NSE)
neuron (496)	neuron-specific enolase (NSE)
neuron (497)	neuron-specific enolase (NSE)
neuron (498)	neuron-specific enolase (NSE)
neuron (499)	neuron-specific enolase (NSE)
neuron (500)	neuron-specific enolase (NSE)
neuron (501)	neuron-specific enolase (NSE)
neuron (502)	neuron-specific enolase (NSE)
neuron (503)	neuron-specific enolase (NSE)
neuron (504)	neuron-specific enolase (NSE)
neuron (505)	neuron-specific enolase (NSE)
neuron (506)	neuron-specific enolase (NSE)
neuron (507)	neuron-specific enolase (NSE)
neuron (508)	neuron-specific enolase (NSE)
neuron (509)	neuron-specific enolase (NSE)
neuron (510)	neuron-specific enolase (NSE)
neuron (511)	neuron-specific enolase (NSE)
neuron (512)	neuron-specific enolase (NSE)
neuron (513)	neuron-specific enolase (NSE)
neuron (514)	neuron-specific enolase (NSE)
neuron (515)	neuron-specific enolase (NSE)
neuron (516)	neuron-specific enolase (NSE)
neuron (517)	neuron-specific enolase (NSE)
neuron (518)	neuron-specific enolase (NSE)
neuron (519)	neuron-specific enolase (NSE)
neuron (520)	neuron-specific enolase (NSE)
neuron (521)	neuron-specific enolase (NSE)
neuron (522)	neuron-specific enolase (NSE)
neuron (523)	neuron-specific enolase (NSE)
neuron (524)	neuron-specific enolase (NSE)
neuron (525)	neuron-specific enolase (NSE)
neuron (526)	neuron-specific enolase (NSE)
neuron (527)	neuron-specific enolase (NSE)
neuron (528)	neuron-specific enolase (NSE)
neuron (529)	neuron-specific enolase (NSE)
neuron (530)	neuron-specific enolase (NSE)
neuron (531)	neuron-specific enolase (NSE)
neuron (532)	neuron-specific enolase (NSE)
neuron (533)	neuron-specific enolase (NSE)
neuron (534)	neuron-specific enolase (NSE)
neuron (535)	neuron-specific enolase (NSE)
neuron (536)	neuron-specific enolase (NSE)
neuron (537)	neuron-specific enolase (NSE)
neuron (538)	neuron-specific enolase (NSE)
neuron (539)	neuron-specific enolase (NSE)
neuron (540)	neuron-specific enolase (NSE)
neuron (541)	neuron-specific enolase (NSE)
neuron (542)	neuron-specific enolase (NSE)
neuron (543)	neuron-specific enolase (NSE)
neuron (544)	neuron-specific enolase (NSE)
neuron (545)	neuron-specific enolase (NSE)
neuron (546)	neuron-specific enolase (NSE)
neuron (547)	neuron-specific enolase (NSE)
neuron (548)	neuron-specific enolase (NSE)
neuron (549)	neuron-specific enolase (NSE)
neuron (550)	neuron-specific enolase (NSE)
neuron (551)	neuron-specific enolase (NSE)
neuron (552)	neuron-specific enolase (NSE)
neuron (553)	neuron-specific enolase (NSE)
neuron (554)	neuron-specific enolase (NSE)
neuron (555)	neuron-specific enolase (NSE)
neuron (556)	neuron-specific enolase (NSE)
neuron (557)	neuron-specific enolase (NSE)
neuron (558)	neuron-specific enolase (NSE)
neuron (559)	neuron-specific enolase (NSE)
neuron (560)	neuron-specific enolase (NSE)
neuron (561)	neuron-specific enolase (NSE)
neuron (562)	neuron-specific enolase (NSE)
neuron (563)	neuron-specific enolase (NSE)
neuron (564)	neuron-specific enolase (NSE)
neuron (565)	neuron-specific enolase (NSE)
neuron (566)	neuron-specific enolase (NSE)
neuron (567)	neuron-specific enolase (NSE)
neuron (568)	neuron-specific enolase (NSE)
neuron (569)	neuron-specific enolase (NSE)
neuron (570)	neuron-specific enolase (NSE)
neuron (571)	neuron-specific enolase (NSE)
neuron (572)	neuron-specific enolase (NSE)
neuron (573)	neuron-specific enolase (NSE)
neuron (574)	neuron-specific enolase (NSE)
neuron (575)	neuron-specific enolase (NSE)
neuron (576)	neuron-specific enolase (NSE)
neuron (577)	neuron-specific enolase (NSE)
neuron (578)	neuron-specific enolase (NSE)
neuron (579)	neuron-specific enolase (NSE)
neuron (580)	neuron-specific enolase (NSE)
neuron (581)	neuron-specific enolase (NSE)
neuron (582)	neuron-specific enolase (NSE)
neuron (583)	neuron-specific enolase (NSE)
neuron (584)	neuron-specific enolase (NSE)
neuron (585)	neuron-specific enolase (NSE)
neuron (586)	neuron-specific enolase (NSE)
neuron (587)	neuron-specific enolase (NSE)
neuron (588)	neuron-specific enolase (NSE)
neuron (589)	neuron-specific enolase (NSE)
neuron (590)	neuron-specific enolase (NSE)
neuron (591)	neuron-specific enolase (NSE)
neuron (592)	neuron-specific enolase (NSE)
neuron (593)	neuron-specific enolase (NSE)
neuron (594)	neuron-specific enolase (NSE)
neuron (595)	neuron-specific enolase (NSE)
neuron (596)	neuron-specific enolase (NSE)
neuron (597)	neuron-specific enolase (NSE)
neuron (598)	neuron-specific enolase (NSE)
neuron (599)	neuron-specific enolase (NSE)
neuron (600)	neuron-specific enolase (NSE)
neuron (601)	neuron-specific enolase (NSE)
neuron (602)	neuron-specific enolase (NSE)
neuron (603)	neuron-specific enolase (NSE)
neuron (604)	neuron-specific enolase (NSE)
neuron (605)	neuron-specific enolase (NSE)
neuron (606)	neuron-specific enolase (NSE)
neuron (607)	neuron-specific enolase (NSE)
neuron (608)	neuron-specific enolase (NSE)
neuron (609)	neuron-specific enolase (NSE)
neuron (610)	neuron-specific enolase (NSE)
neuron (611)	neuron-specific enolase (NSE)
neuron (612)	neuron-specific enolase (NSE)
neuron (614)	neuron-specific enolase (NSE)
neuron (615)	neuron-specific enolase (NSE)
neuron (616)	neuron-specific enolase (NSE)
neuron (617)	neuron-specific enolase (NSE)
neuron (618)	neuron-specific enolase (NSE)
neuron (619)	neuron-specific enolase (NSE)
neuron (620)	neuron-specific enolase (NSE)
neuron (621)	neuron-specific enolase (NSE)
neuron (622)	neuron-specific enolase (NSE)
neuron (623)	neuron-specific enolase (NSE)
neuron (624)	neuron-specific enolase (NSE)
neuron (625)	neuron-specific enolase (NSE)
neuron (626)	neuron-specific enolase (NSE)
neuron (627)	neuron-specific enolase (NSE)
neuron (628)	neuron-specific enolase (NSE)
neuron (629)	neuron-specific enolase (NSE)
neuron (630)	neuron-specific enolase (NSE)
neuron (631)	neuron-specific enolase (NSE)
neuron (632)	neuron-specific enolase (NSE)
neuron (633)	neuron-specific enolase (NSE)
neuron (634)	neuron-specific enolase (NSE)
neuron (635)	neuron-specific enolase (NSE)
neuron (636)	neuron-specific enolase (NSE)
neuron (637)	neuron-specific enolase (NSE)
neuron (638)	neuron-specific enolase (NSE)
neuron (639)	neuron-specific enolase (NSE)
neuron (640)	neuron-specific enolase (NSE)
neuron (641)	neuron-specific enolase (NSE)
neuron (642)	neuron-specific enolase (NSE)
neuron (643)	neuron-specific enolase (NSE)
neuron (644)	neuron-specific enolase (NSE)
neuron (645)	neuron-specific enolase (NSE)
neuron (646)	neuron-specific enolase (NSE)
neuron (647)	neuron-specific enolase (NSE)
neuron (648)	neuron-specific enolase (NSE)
neuron (649)	neuron-specific enolase (NSE)
neuron (650)	neuron-specific enolase (NSE)
neuron (651)	neuron-specific enolase (NSE)
neuron (652)	neuron-specific enolase (NSE)
neuron (653)	neuron-specific enolase (NSE)
neuron (654)	neuron-specific enolase (NSE)
neuron (655)	neuron-specific enolase (NSE)
neuron (656)	neuron-specific enolase (NSE)
neuron (657)	neuron-specific enolase (NSE)
neuron (658)	neuron-specific enolase (NSE)
neuron (660)	neuron-specific enolase (NSE)
neuron (661)	neuron-specific enolase (NSE)
neuron (662)	neuron-specific enolase (NSE)
neuron (663)	neuron-specific enolase (NSE)
neuron (664)	neuron-specific enolase (NSE)
neuron (665)	neuron-specific enolase (NSE)
neuron (666)	neuron-specific enolase (NSE)
neuron (667)	neuron-specific enolase (NSE)
neuron (668)	neuron-specific enolase (NSE)
neuron (669)	neuron-specific enolase (NSE)
neuron (670)	neuron-specific enolase (NSE)
neuron (671)	neuron-specific enolase (NSE)
neuron (672)	neuron-specific enolase (NSE)
neuron (673)	neuron-specific enolase (NSE)
neuron (674)	neuron-specific enolase (NSE)
neuron (675)	neuron-specific enolase (NSE)
neuron (676)	neuron-specific enolase (NSE)
neuron (677)	neuron-specific enolase (NSE)
neuron (678)	neuron-specific enolase (NSE)
neuron (679)	neuron-specific enolase (NSE)
neuron (680)	neuron-specific enolase (NSE)
neuron (681)	neuron-specific enolase (NSE)
neuron (682)	neuron-specific enolase (NSE)
neuron (683)	neuron-specific enolase (NSE)
neuron (684)	neuron-specific enolase (NSE)
neuron (685)	neuron-specific enolase (NSE)
neuron (686)	neuron-specific enolase (NSE)
neuron (687)	neuron-specific enolase (NSE)
neuron (688)	neuron-specific enolase (NSE)
neuron (689)	neuron-specific enolase (NSE)
neuron (690)	neuron-specific enolase (NSE)
neuron (691)	neuron-specific enolase (NSE)
neuron (692)	neuron-specific enolase (NSE)
neuron (693)	neuron-specific enolase (NSE)
neuron (694)	neuron-specific enolase (NSE)
neuron (695)	neuron-specific enolase (NSE)
neuron (696)	neuron-specific enolase (NSE)
neuron (697)	neuron-specific enolase (NSE)
neuron (698)	neuron-specific enolase (NSE)
neuron (699)	neuron-specific enolase (NSE)
neuron (700)	neuron-specific enolase (NSE)
neuron (701)	neuron-specific enolase (NSE)
neuron (702)	neuron-specific enolase (NSE)
neuron (703)	neuron-specific enolase (NSE)
neuron (704)	neuron-specific enolase (NSE)
neuron (705)	neuron-specific enolase (NSE)
neuron (706)	neuron-specific enolase (NSE)
neuron (707)	neuron-specific enolase (NSE)
neuron (708)	neuron-specific enolase (NSE)
neuron (709)	neuron-specific enolase (NSE)
neuron (710)	neuron-specific enolase (NSE)
neuron (711)	neuron-specific enolase (NSE)
neuron (712)	neuron-specific enolase (NSE)
neuron (713)	neuron-specific enolase (NSE)
neuron (714)	neuron-specific enolase (NSE)
neuron (715)	neuron-specific enolase (NSE)
neuron (716)	neuron-specific enolase (NSE)
neuron (717)	neuron-specific enolase (NSE)
neuron (718)	neuron-specific enolase (NSE)
neuron (719)	neuron-specific enolase (NSE)
neuron (720)	neuron-specific enolase (NSE)
neuron (721)	neuron-specific enolase (NSE)
neuron (722)	neuron-specific enolase (NSE)
neuron (723)	neuron-specific enolase (NSE)
neuron (724)	neuron-specific enolase (NSE)
neuron (725)	neuron-specific enolase (NSE)
neuron (726)	neuron-specific enolase (NSE)
neuron (727)	neuron-specific enolase (NSE)
neuron (728)	neuron-specific enolase (NSE)
neuron (729)	neuron-specific enolase (NSE)
neuron (730)	neuron-specific enolase (NSE)
neuron (731)	neuron-specific enolase (NSE)
neuron (732)	neuron-specific enolase (NSE)
neuron (733)	neuron-specific enolase (NSE)
neuron (734)	neuron-specific enolase (NSE)
neuron (735)	neuron-specific enolase (NSE)
neuron (736)	neuron-specific enolase (NSE)
neuron (737)	neuron-specific enolase (NSE)
neuron (738)	neuron-specific enolase (NSE)
neuron (739)	neuron-specific enolase (NSE)
neuron (740)	neuron-specific enolase (NSE)
neuron (741)	neuron-specific enolase (NSE)
neuron (742)	neuron-specific enolase (NSE)
neuron (743)	neuron-specific enolase (NSE)
neuron (744)	neuron-specific enolase (NSE)
neuron (745)	neuron-specific enolase (NSE)
neuron (746)	neuron-specific enolase (NSE)
neuron (747)	neuron-specific enolase (NSE)
neuron (748)	neuron-specific enolase (NSE)
neuron (749)	neuron-specific enolase (NSE)
neuron (750)	neuron-specific enolase (NSE)
neuron (751)	neuron-specific enolase (NSE)
neuron (752)	neuron-specific enolase (NSE)
neuron (753)	neuron-specific enolase (NSE)
neuron (754)	neuron-specific enolase (NSE)
neuron (755)	neuron-specific enolase (NSE)
neuron (756)	neuron-specific enolase (NSE)
neuron (757)	neuron-specific enolase (NSE)
neuron (758)	neuron-specific enolase (NSE)
neuron (759)	neuron-specific enolase (NSE)
neuron (760)	neuron-specific enolase (NSE)
neuron (761)	neuron-specific enolase (NSE)
neuron (762)	neuron-specific enolase (NSE)
neuron (763)	neuron-specific enolase (NSE)
neuron (764)	neuron-specific enolase (NSE)
neuron (765)	neuron-specific enolase (NSE)
neuron (766)	neuron-specific enolase (NSE)
neuron (767)	neuron-specific enolase (NSE)
neuron (768)	neuron-specific enolase (NSE)
neuron (769)	neuron-specific enolase (NSE)
neuron (770)	neuron-specific enolase (NSE)
neuron (771)	neuron-specific enolase (NSE)
neuron (772)	neuron-specific enolase (NSE)
neuron (773)	neuron-specific enolase (NSE)
neuron (774)	neuron-specific enolase (NSE)
neuron (775)	neuron-specific enolase (NSE)
neuron (776)	neuron-specific enolase (NSE)
neuron (777)	neuron-specific enolase (NSE)
neuron (778)	neuron-specific enolase (NSE)
neuron (779)	neuron-specific enolase (NSE)
neuron (780)	neuron-specific enolase (NSE)
neuron (781)	neuron-specific enolase (NSE)
neuron (782)	neuron-specific enolase (NSE)
neuron (783)	neuron-specific enolase (NSE)
neuron (784)	neuron-specific enolase (NSE)
neuron (785)	neuron-specific enolase (NSE)
neuron (786)	neuron-specific enolase (NSE)
neuron (787)	neuron-specific enolase (NSE)
neuron (788)	neuron-specific enolase (NSE)
neuron (789)	neuron-specific enolase (NSE)
neuron (790)	neuron-specific enolase (NSE)
neuron (791)	neuron-specific enolase (NSE)
neuron (792)	neuron-specific enolase (NSE)
neuron (793)	neuron-specific enolase (NSE)
neuron (794)	neuron-specific enolase (NSE)
neuron (795)	neuron-specific enolase (NSE)
neuron (796)	neuron-specific enolase (NSE)
neuron (797)	neuron-specific enolase (NSE)
neuron (798)	neuron-specific enolase (NSE)
neuron (800)	neuron-specific enolase (NSE)
